SMRRC_Output.asm                                                      Page: 1
/Users/davidflynn/Projects/SerialMRRC/Firmware/

00001 0000 	;=========================================================================================
00002 0000 	;
00003 0000 	;   Filename:	SMRRC_Output.asm
00004 0000 	;   Created:	7/25/2026
00005 0000 	;   File Revision:	0.9.1d   7/25/2026
00006 0000 	;   Project:	Serial Model Railroad Control
00007 0000 	;   Author:	David M. Flynn
00008 0000 	;   Company:	DMF-Enterprises
00009 0000 	;   E-Mail:	dflynn.oxfordvue@gmail.com
00010 0000 	;   License:	MIT License
00011 0000 	;
00012 0000 	;=========================================================================================
00013 0000 	;   Serial Model Railroad Control:
00014 0000 	;
00015 0000 	; RS485 Node. Sits on the RS485 bus and does stuff for the Railroad.
00016 0000 	; This version is for the Lighting Daughter Board.
00017 0000 	;
00018 0000 	;    History:
00019 0000 	; 0.9.1d   7/25/2026   Copied from SMRRC.asm 0.9.3a
00020 0000 	;
00021 0000 	;=========================================================================================
00022 0000 	; Options:
00023 0000 	;
00024 0000 	;=========================================================================================
00025 0000 	;=========================================================================================
00026 0000 	; What happens next:
00027 0000 	;   At power up the system LED will blink.
00028 0000 	;
00029 0000 	; When a command packet is received from RX1 (RS485):
00030 0000 	;  Source=any, Destination=Me: Parse and Process the command. 
00031 0000 	;     Send any requested data back to the sender on TX1 (RS485).
00032 0000 	;
00033 0000 	;=========================================================================================
00034 0000 	; uController pinout (PIC16F15345):
00035 0000 	;
00036 0000 	; Pin 1  (Vdd)		+5 Volts
00037 0000 	; Pin 2  (RA5)		LED2 (Active Low Input/Output)(LED2/Button2)
00038 0000 	; Pin 3  (RA4)		LED1 (Active Low Input/Output)(LED1/Button1)
00039 0000 	; Pin 4  (RA3/MCLR*)		VPP/MCLR*
00040 0000 	; Pin 5  (RC5)		I/O    Daughter Card Pin 10
00041 0000 	; Pin 6  (RC4)		I/O    Daughter Card Pin 9
00042 0000 	; Pin 7  (RC3)		I/O    Daughter Card Pin 8
00043 0000 	; Pin 8  (RC6)		I/O    Daughter Card Pin 11
00044 0000 	; Pin 9  (RC7)		I/O    Daughter Card Pin 12
00045 0000 	; Pin 10 (RB7/TX1)		RS-485 Driver
00046 0000 	; Pin 11 (RB6)		RS-485 Driver Enable (Active High Output)
00047 0000 	; Pin 12 (RB5)		RS-485 Receiver
00048 0000 	; Pin 13 (RB4)		RS-485 Receiver Enable (Active Low Output)
00049 0000 	; Pin 14 (RC2)		I/O    Daughter Card Pin 7
00050 0000 	; Pin 15 (RC1)		RX2 or I/O Daughter Card Pin 6
00051 0000 	; Pin 16 (RC0)		TX2 or I/O Daughter Card Pin 5
00052 0000 	; Pin 17 (RA2)		SYSLED (Active Low Output)(System LED)
00053 0000 	; Pin 18 (RRA/ICSPCLK)		ICSPCLK
00054 0000 	; Pin 19 (RA0/ICSPDAT)		ICSPDAT
00055 0000 	; Pin 20 (Vss)		Ground
00056 0000 	;
00057 0000 	;=========================================================================================
00058 0000 	;
00059 0000 		list	p=16F15345,r=hex,W=1	; list directive to define processor
00062 0000 		nolist
00063 0000 	;
00064 8007 1F8C 		__CONFIG _CONFIG1, b'0001111110001100'
00065 0000 	; FCMEM=0, RSTOSC=000 (32MHz), FEXTOSC=100
00066 0000 	;
00067 8008 3FFE 		__CONFIG _CONFIG2, b'0011111111111110'
00068 0000 	; MCLRE=0
00069 0000 	;
00070 8009 3F9F 		__CONFIG _CONFIG3, b'0011111110011111'
00071 0000 	;WDTE=00
00072 0000 	;
00073 800A 1FEF 		__CONFIG _CONFIG4, b'0001111111101111'
00074 0000 	; LVP=0, nSAFEN=0
00075 0000 	;
00076 800B 3FFF 		__CONFIG _CONFIG5, b'0011111111111111'
00077 0000 	;
00078 0000 	;=========================================================================================
00079 0000 	;
00080 0000 		constant	oldCode=0
00081 0000 		constant	useRS232=0	;TX2/RX2 to USB
00082 0000 		constant	useRS485=1	;TX1/RX1 to RS-485 SMRRC devices
00083 0000 		constant	useRS232PacketCmds=0
00084 0000 		constant	useRS485PacketCmds=1
00085 0000 		constant	useBootloader=0	;TX2/RX2 only.
00086 0000 		constant	UseEEParams=1
00087 0000 	;
00088 0000 		constant	RP_LongAddr=0
00089 0000 		constant	RP_AddressBytes=1
00090 0000 		constant	RP_DataBytes=4
00091 0000 		constant	UseRS232SyncBytes=1
00092 0000 00DD 	kRS232SyncByteValue	EQU	0xDD
00093 0000 		constant	UseRS232Chksum=1
00094 0000 	;
00095 0000 		constant	RP485_LongAddr=0
00096 0000 		constant	RP485_AddressBytes=1
00097 0000 		constant	RP485_DataBytes=4
00098 0000 		constant	UseRS485SyncBytes=1
00099 0000 00DD 	kRS485SyncByteValue	EQU	0xDD
00100 0000 		constant	UseRS485Chksum=1
00101 0000 	;
SMRRC_Output.asm                                                      Page: 2
/Users/davidflynn/Projects/SerialMRRC/Firmware/

00102 0000 0001 	kRS232_MasterAddr	EQU	0x01	;Master's Address
00103 0000 0003 	kRS232_SlaveAddr	EQU	0x03	;This Slave's Address
00104 0000 	;
00105 0000 0003 	kRS485_Address	EQU	0x03	;my Address on the RS-485 bus
00106 0000 	;
00107 0000 0000 	kSysMode	EQU	.0	;Default Mode
00108 0000 	;
00109 0000 0003 	#Define	_C	STATUS,C
00110 0000 0003 	#Define	_Z	STATUS,Z
00111 0000 	;
00112 0000 	;====================================================================================================
00115 0000 		nolist
00116 0000 	;
00117 0000 	;    Port A bits
00118 0000 00FF 	PortA_Tris_Bits	EQU	b'11111111'	;All inputs
00119 0000 0000 	PortA_Init_Value	EQU	b'00000000'
00120 0000 0000 	PortA_ANSel_Value	EQU	b'00000000'	;All digital
00121 0000 	;
00122 0000 0002 	SysLED_Bit	EQU	2	;LED1 (Active Low Output)
00123 0000 000C 	SysLEDPort	EQU	PORTA
00124 0000 000C 	#Define	SW1_In	PORTA,SysLED_Bit
00125 0000 0018 	#Define	SysLEDLat	LATA,SysLED_Bit
00126 0000 0012 	#Define	SysLEDTris	TRISA,SysLED_Bit
00127 0000 	;
00128 0000 0004 	LED1_Bit	equ	4
00129 0000 0012 	#Define	LED1_TRIS	TRISA,LED1_Bit
00130 0000 0018 	#Define	LED1_LAT	LATA,LED1_Bit
00131 0000 000C 	#Define	SW1_PORT	PORTA,LED1_Bit
00132 0000 0005 	LED2_Bit	equ	5
00133 0000 0012 	#Define	LED2_TRIS	TRISA,LED2_Bit
00134 0000 0018 	#Define	LED2_LAT	LATA,LED2_Bit
00135 0000 000C 	#Define	SW2_PORT	PORTA,LED2_Bit
00136 0000 	;
00137 0000 	;    Port B bits
00138 0000 00AF 	PortB_Tris_Bits	EQU	b'10101111'	;RS-485, TX/RX are controlled by serial	
00139 0000 0000 	PortB_Init_Value	EQU	b'00000000'
00140 0000 0000 	PortB_ANSel_Value	EQU	b'00000000'	;All digital
00141 0000 	;
00142 0000 0019 	#Define	RS485nRE	LATB,4
00143 0000 0019 	#Define	RS485DE	LATB,6
00144 0000 	;
00145 0000 	;    Port C bits
00146 0000 0000 	PortC_Tris_Bits	EQU	b'00000000'	;RC0=TX2, RC1=RX2
00147 0000 0000 	PortC_Init_Value	EQU	b'00000000'
00148 0000 0000 	PortC_ANSel_Value	EQU	b'00000000'	;All digital
00149 0000 	;
00150 0000 000E 	#Define	RC0In	PORTC,0	;I/O or TTL Serial TX
00151 0000 000E 	#Define	RC1In	PORTC,1	;I/O or TTL Serial RX
00152 0000 	;
00153 0000 	;
00154 0000 	;========================================================================================
00155 0000 	;========================================================================================
00156 0000 	;
00157 0000 	;Constants
00158 0000 00FF 	All_In	EQU	0xFF
00159 0000 0000 	All_Out	EQU	0x00
00160 0000 	;
00161 0000 00E9 	T2CON_Value	EQU	b'11101001'	;T2 On, /64 pre, /10 post
00162 0000 007D 	PR2_Value	EQU	.125	; 100/Sec
00163 0000 	;
00164 0000 0064 	LEDTIME	EQU	d'100'	;1.00 seconds
00165 0000 000A 	LEDErrorTime	EQU	d'10'
00166 0000 0014 	LEDFastTime	EQU	d'20'
00167 0000 	;
00168 0000 	;2MHz timebase for R/C servos
00169 0000 0021 	T1CON_Val	EQU	b'00100001'	;Fosc=32MHz, PreScale=4,Fosc/4,Timer ON
00170 0000 	;
00171 0000 0024 	TXSTA_Value	EQU	b'00100100'	;8 bit, TX enabled, Async, high speed
00172 0000 0090 	RCSTA_Value	EQU	b'10010000'	;RX enabled, 8 bit, Continious receive
00173 0000 0008 	BAUD2CON_Value	EQU	b'00001000'	;BRG16=1
00174 0000 0008 	BAUD1CON_Value	EQU	b'00001000'	;BRG16=1
00175 0000 	; 32MHz clock low speed (BRGH=1,BRG16=1)
00176 0000 682A 	Baud_300	EQU	.26666	;300, 0.00%
00177 0000 1A0A 	Baud_1200	EQU	.6666	;1200, 0.00%
00178 0000 0D04 	Baud_2400	EQU	.3332	;2400, +0.01%
00179 0000 0340 	Baud_9600	EQU	.832	;9604, +0.04%
00180 0000 01A0 	Baud_19200	EQU	.416	;19.18k, -0.08%
00181 0000 00CF 	Baud_38400	EQU	.207	;38.46k, +0.16%
00182 0000 008A 	Baud_57600	EQU	.138	;57.55k, -0.08%
00183 0000 00CF 	BaudRate	EQU	Baud_38400
00184 0000 00CF 	RS485BaudRate	EQU	Baud_38400
00185 0000 	;
00186 0000 0000 	kSysFlags	EQU	.0
00187 0000 	;
00188 0000 000A 	DebounceTime	EQU	.10
00189 0000 	;
00190 0000 0003 	kMaxMode	EQU	.3
00191 0000 	;
00192 0000 	;
00193 0000 	;
00194 0000 	;================================================================================================
00195 0000 	;***** VARIABLE DEFINITIONS
00196 0000 	; there are1024 bytes of ram, Bank0 0x20..0x7F, Bank1 0xA0..0xEF, Bank2 0x120..0x16F,
00197 0000 	;  Bank3 0x1A0..0x1EF, Bank4 0x220..0x26F, Bank5 0x2A0..0x2EF, Bank6 0x320..0x36F, 
00198 0000 	;  Bank7 0x3A0..0x3EF, Bank8 0x420..0x46F, Bank9 0x4A0..0x4EF, Bank10 0x520..0x56F, 
00199 0000 	;  Bank11 0x5A0..0x5EF, Bank12 0x620..0x64F
00200 0000 	; there are 128 bytes of Storage Area Flash starting at 0x1F80 to 0x1FFF
00201 0000 	;================================================================================================
00202 0000 	;  Bank0 Ram 020h-06Fh 80 Bytes
SMRRC_Output.asm                                                      Page: 3
/Users/davidflynn/Projects/SerialMRRC/Firmware/

00203 0000 	;
00204 0000 		cblock	0x20
00205 0000 	;
00206 0000 0020 M		SysLED_Time		;sys LED time
00207 0000 0021 M		SysLED_Blinks		;0=1 flash,1,2,3
00208 0000 0022 M		SysLED_BlinkCount
00209 0000 0023 M		SysLEDCount		;sys LED Timer tick count
00210 0000      M	; LED1, LED2 blinking
00211 0000 0024 M		LED1_Blinks		;0=off,1,2,3
00212 0000 0025 M		LED2_Blinks
00213 0000 0026 M		LED1_BlinkCount		;LED2_Blinks..0
00214 0000 0027 M		LED2_BlinkCount
00215 0000 0028 M		LED1_Count		;tick count
00216 0000 0029 M		LED2_Count
00217 0000      M	;
00218 0000 002A M		ssStatus:4
00219 0000 002E M		SysFlags1
00220 0000 002F M		SysFlags2
00221 0000      M	;
00222 0000 0030 M		EEAddrTemp		;SAF address to read or write
00223 0000 0031 M		EEDataTemp		;Data to be writen to SAF
00224 0000      M	;
00225 0000 0032 M		Timer1Lo		;1st 16 bit timer
00226 0000 0033 M		Timer1Hi		; 50 mS RX timeiout
00227 0000 0034 M		Timer2Lo		;2nd 16 bit timer
00228 0000 0035 M		Timer2Hi		; 50 mS RX485 timer
00229 0000 0036 M		Timer3Lo		;3rd 16 bit timer
00230 0000 0037 M		Timer3Hi		;GP wait timer
00231 0000 0038 M		Timer4Lo		;4th 16 bit timer
00232 0000 0039 M		Timer4Hi		; debounce timer
00233 0000      M	;
00234 0000      M	; RS-232
00235 0000 003A M		TXByte		;Next byte to send
00236 0000 003B M		RXByte		;Last byte received
00237 0000 003C M		SerFlags
00238 0000      M	; RS-485
00239 0000 003D M		TX485Byte		;Next byte to send
00240 0000 003E M		RX485Byte		;Last byte received
00241 0000 003F M		Ser485Flags
00242 0000      M	;
00243 0000      M	;-----------------------
00244 0000      M	;Below here are saved in SAF
00245 0000 0040 M		SysMode
00246 0000 0041 M		RS232_MasterAddr:RP_AddressBytes
00247 0000 0042 M		RS232_SlaveAddr:RP_AddressBytes
00248 0000      M	;
00249 0000 0043 M		RS485_Address:RP485_AddressBytes	;my address on the RS-485 bus
00250 0000      M	;
00251 0000 0044 M		SysFlags		
00252 0000      M	;
00253 0000      M		endc
00254 0000      M	;--------------------------------------------------------------
00255 0000      M	;---SysFlags1 bits---
00256 0000 002E M	#Define	SW1_Active	SysFlags1,2
00257 0000 002E M	#Define	SW1_Debounce	SysFlags1,3
00258 0000 002E M	#Define	LED1_Active	SysFlags1,4
00259 0000 002E M	#Define	SW2_Active	SysFlags1,5
00260 0000 002E M	#Define	SW2_Debounce	SysFlags1,6
00261 0000 002E M	#Define	LED2_Active	SysFlags1,7
00262 0000      M	;
00263 0000      M	;
00264 0000      M	;---SerFlags bits---
00265 0000 003C M	#Define	DataReceivedFlag	SerFlags,1
00266 0000 003C M	#Define	DataSentFlag	SerFlags,2
00267 0000 003C M	#Define	ssRX_Timeout	SerFlags,3	;cleared by host read
00268 0000      M	;
00269 0000 003F M	#define	RS485TXActive	Ser485Flags,0
00270 0000 003F M	#Define	RS485DataReceivedFlag	Ser485Flags,1
00271 0000 003F M	#Define	RS485DataSentFlag	Ser485Flags,2
00272 0000 003F M	#Define	RS485RX_Timeout	Ser485Flags,3	;cleared by host read
00273 0000      M	;
00274 0000      M	;---------------
00275 0000 0040 M	#Define	FirstRAMParam	SysMode
00276 0000 0044 M	#Define	LastRAMParam	SysFlags
00277 0000      M	;
00278 0000      M	;
00279 0000      M	;=========================================================================================
00280 0000      M	;  Bank1 Ram 0A0h-0EFh 80 Bytes, RS-232 Packet Serial
00281 0000      M	;
00282 0000      M		cblock	0x0A0
00283 0000 00A0 M		RX_ParseFlags
00284 0000 00A1 M		RX_Flags
00285 0000 00A2 M		RX_DataCount
00286 0000 00A3 M		RX_CSUM
00287 0000 00A4 M		RX_SrcAdd:RP_AddressBytes	;1 or 2
00288 0000 00A5 M		RX_DstAdd:RP_AddressBytes	;1 or 2
00289 0000 00A6 M		RX_TempData:RP_DataBytes	;4
00290 0000 00AA M		RX_Data:RP_DataBytes		;4
00291 0000 00AE M		TX_Data:RP_DataBytes		;4
00292 0000      M	;
00293 0000      M		endc
00294 0000      M	;
00295 0000      M	;
00296 0000      M	;================================================================================================
00297 0000      M	;  Bank2 Ram 120h-16Fh 80 Bytes RS-232 Packet Serial
00298 0000      M	;
00299 0000 0002 M	#Define	Ser_Buff_Bank	2
00300 0000      M	;
00301 0000      M		cblock	0x120
SMRRC_Output.asm                                                      Page: 4
/Users/davidflynn/Projects/SerialMRRC/Firmware/

00302 0000 0120 M		Ser_In_Bytes		;Bytes in Ser_In_Buff
00303 0000 0121 M		Ser_Out_Bytes		;Bytes in Ser_Out_Buff
00304 0000 0122 M		Ser_In_InPtr
00305 0000 0123 M		Ser_In_OutPtr
00306 0000 0124 M		Ser_Out_InPtr
00307 0000 0125 M		Ser_Out_OutPtr
00308 0000 0126 M		Ser_In_Buff:20
00309 0000 0146 M		Ser_Out_Buff:20
00310 0000      M		endc
00311 0000      M	;
00312 0000      M	;================================================================================================
00313 0000      M	;  Bank3 Ram 1A0h-1EFh 80 Bytes
00314 0000 01A0 M	MathAddress	EQU	0x1A0
00315 0000      M	;	include	MathEQUs.inc
00316 0000      M	;=========================================================================================
00317 0000      M	;  Bank4 Ram 220h-26Fh 80 Bytes, RS-485 Packet Serial
00318 0000      M		include	RS485_Parse.H
00001 0000      M	;=========================================================================================
00002 0000      M	;
00003 0000      M	;  Filename: RS485_Parse.H
00004 0000      M	;  Created: 7/26/2026
00005 0000      M	;  Revision: 1.0.0   7/26/2026
00006 0000      M	;
00007 0000      M	;   Author:  David M. Flynn
00008 0000      M	;   Company: DMF-Enterprises
00009 0000      M	;   E-Mail: dflynn.oxfordvue@gmail.com
00010 0000      M	;   License: MIT License
00011 0000      M	;=========================================================================================
00012 0000      M	; Notes:
00013 0000      M	;  RAM locations used by RS485_Parse.inc
00014 0000      M	;=========================================================================================
00015 0000      M	;  Bank4 Ram 220h-26Fh 80 Bytes, RS-485 Packet Serial
00016 0000      M	;
00017 0000      M	; Bank4 variables used by RS485_Parse:
00018 0000 0004 M	#Define	Ser485_Buff_Bank	4
00019 0000      M	;
00020 0000      M		cblock	0x220
00021 0000 0220 M		RX485_ParseFlags
00022 0000 0221 M		RX485_Flags
00023 0000 0222 M		RX485_DataCount
00024 0000 0223 M		RX485_CSUM
00025 0000 0224 M		RX485_SrcAdd:RP485_AddressBytes
00026 0000 0225 M		RX485_DstAdd:RP485_AddressBytes
00027 0000 0226 M		RX485_TempData:RP485_DataBytes	;Incoming data is stored here
00028 0000 022A M		RX485_Data:RP485_DataBytes
00029 0000      M	;
00030 0000 022E M		TX485_SrcAdd:RP485_AddressBytes
00031 0000 022F M		TX485_DstAdd:RP485_AddressBytes
00032 0000 0230 M		TX485_Data:RP485_DataBytes
00033 0000 0234 M		TX485_Csum
00034 0000      M	;
00035 0000 0235 M		Ser485_In_Bytes		;Bytes in Ser_In_Buff
00036 0000 0236 M		Ser485_Out_Bytes		;Bytes in Ser_Out_Buff
00037 0000 0237 M		Ser485_In_InPtr
00038 0000 0238 M		Ser485_In_OutPtr
00039 0000 0239 M		Ser485_Out_InPtr
00040 0000 023A M		Ser485_Out_OutPtr
00041 0000 023B M		Ser485_In_Buff:20
00042 0000 025B M		Ser485_Out_Buff:20
00043 0000      M		endc
00044 0000      M	;
00045 0000      M	;RX485_ParseFlags Bits
00046 0000 0220 M	#Define	RS485SyncByte1RXd	RX485_ParseFlags,0
00047 0000 0220 M	#Define	RS485SyncByte2RXd	RX485_ParseFlags,1
00048 0000 0220 M	#Define	RS485SourceAddrLoRXd	RX485_ParseFlags,2
00049 0000 0220 M	#Define	RS485SourceAddrHiRXd	RX485_ParseFlags,3
00050 0000 0220 M	#Define	RS485DestAddrLoRXd	RX485_ParseFlags,4
00051 0000 0220 M	#Define	RS485DestAddrHiRXd	RX485_ParseFlags,5
00052 0000 0220 M	#Define	RS485AllDataRXd	RX485_ParseFlags,6
00053 0000      M	;
00054 0000      M	;RX485_Flags Bits
00055 0000 0221 M	#Define	RX485DataValidFlag	RX485_Flags,0
00056 0000 0221 M	#Define	RX485DataIsNew	RX485_Flags,1
00057 0000 0221 M	#Define	RX485DstIsMe	RX485_Flags,2	;Data for me!?
00058 0000 0221 M	#Define	RX485SrcIsMe	RX485_Flags,3	;I just sent this?
00059 0000 0221 M	#Define	RX485RXDataEquTXData	RX485_Flags,4	;RX485SrcIsMe && TX Csum=RX Csum
00060 0000      M	;
00061 0000      M	;=========================================================================================
00319 0000      M	;=========================================================================================
00320 0000      M	;  Bank5 Ram 2A0h-2EFh 80 Bytes
00321 0000      M	;
00322 0000      M	;
00323 0000      M	;=========================================================================================
00324 0000      M	;  Bank6 Ram 320h-32Fh 16 Bytes, 512 bytes total ram
00325 0000      M	;================================================================================================
00326 0000      M	;  Bank7 No Ram beyond bank 6
00327 0000      M	;=======================================================================================================
00328 0000      M	;  Common Ram 70-7F same for all banks 0..23, 56..63
00329 0000      M	;      except for ISR_W_Temp these are used for paramiter passing and temp vars
00330 0000      M	;=======================================================================================================
00331 0000      M	;
00332 0000      M		cblock	0x70
00333 0000 0070 M		Param70
00334 0000 0071 M		Param71
00335 0000 0072 M		Param72
00336 0000 0073 M		Param73
00337 0000 0074 M		Param74
00338 0000 0075 M		Param75
00339 0000 0076 M		Param76
SMRRC_Output.asm                                                      Page: 5
/Users/davidflynn/Projects/SerialMRRC/Firmware/

00340 0000 0077 M		Param77
00341 0000 0078 M		Param78
00342 0000 0079 M		Param79
00343 0000 007A M		Param7A
00344 0000 007B M		Param7B
00345 0000 007C M		Param7C
00346 0000 007D M		Param7D
00347 0000 007E M		Param7E
00348 0000 007F M		Param7F
00349 0000      M		endc
00350 0000      M	;
00351 0000      M	;=========================================================================================
00352 0000      M	;Conditions
00353 0000 0080 M	HasISR	EQU	0x80	;used to enable interupts 0x80=true 0x00=false
00354 0000      M	;
00355 0000      M	;=========================================================================================
00356 0000      M	;==============================================================================================
00357 0000      M	; ID Locations
00358 0000      M		__idlocs _IDLOC0, 0x10d1
00359 0000      M	;
00360 0000      M		if UseEEParams
00361 0000      M	;==============================================================================================
00362 0000      M	; SAF locations (HEF) 0x00..0x7F (offsets)
00363 0000      M	;
00364 0000      M	; default values
00365 0000 1F80 M	SAFAddress	EQU	0x1F80
00366 0000      M		ORG	SAFAddress
00367 1F80 0000      M		de	kSysMode	;nvSysMode
00368 1F81 0001      M		de	kRS232_MasterAddr	;nvRS232_MasterAddr, 0x0F
00369 1F82 0003      M		de	kRS232_SlaveAddr	;nvRS232_SlaveAddr, 0x10
00370 1F83      M	;
00371 1F83 0003      M		de	kRS485_Address	;me
00372 1F84      M	;
00373 1F84 0000      M		de	kSysFlags	;nvSysFlags
00374 1F85      M	;
00375 1F85      M		ORG	0x1FFF
00376 1FFF 0000      M		de	0x00	;Skip BootLoader
00377 2000      M	;
00378 2000      M		endif
00379 2000      M	; SAF Addresses
00380 2000 1F80 M	SAFStart	equ	0x1F80
00381 2000      M		cblock	0x0000
00382 2000      M	;
00383 2000 0000 M		nvSysMode
00384 2000 0001 M		nvRS232_MasterAddr		;for RS-232 packet serial
00385 2000 0002 M		nvRS232_SlaveAddr
00386 2000      M	;
00387 2000 0003 M		nvRS485_Address
00388 2000 0004 M		nvRS485_MasterAddr
00389 2000      M	;
00390 2000 0005 M		nvSysFlags
00391 2000      M	;
00392 2000      M		endc
00393 2000      M	;
00394 2000 0000 M	#Define	nvFirstParamByte	nvSysMode
00395 2000 0005 M	#Define	nvLastParamByte	nvSysFlags
00396 2000      M	;
00397 2000      M	;
00398 2000      M	;============================================================================================
00399 2000      M	; ******************* Reset Vector *****************************
00400 2000      M	;============================================================================================
00401 2000      M	;
00402 2000      M		ORG	0x000	; processor reset vector
00403 0000      M	;
00404 0000      M		if useBootloader
00409 0000      M		endif
00410 0000      M	;
00411 0000 018A      M	ProgStartVector	CLRF	PCLATH
00412 0001 28C9      M	  	goto	start	; go to beginning of program
00413 0002      M	;
00414 0002      M	;===============================================================================================
00415 0002      M	;===============================================================================================
00416 0002      M	; Interupt Service Routine
00417 0002      M	;
00418 0002      M	; we loop through the interupt service routing every 0.008192 seconds
00419 0002      M	;
00420 0002      M	;
00421 0002      M		ORG	0x004	; interrupt vector location
00422 0004 018A      M		CLRF	PCLATH
00423 0005 0140      M		movlb	0	; bank 0
00424 0006      M	;
00425 0006      M	;=============================
00426 0006      M	; Timer 0 is 100/s
00427 0006      M	;
00428 0006 014E      M		movlb	PIR0	; bank14
00429 0007 1E8C      M		btfss	PIR0,TMR0IF
00430 0008 3220      M		bra	SystemTick_end
00431 0009 128C      M		bcf	PIR0,TMR0IF
00432 000A 0140      M		movlb	0	; bank 0
00433 000B      M	;
00434 000B      M	;------------------
00435 000B      M	; These routines run 100 times per second
00436 000B      M	;
00437 000B      M	;	
00438 000B      M	;------------------
00439 000B      M	;Decrement timers until they are zero
00440 000B      M	;
00441 000B 2079      M		call	DecTimer1	;if timer 1 is not zero decrement
00442 000C 2077      M		call	DecTimer2
SMRRC_Output.asm                                                      Page: 6
/Users/davidflynn/Projects/SerialMRRC/Firmware/

00443 000D 2075      M		call	DecTimer3
00444 000E 2073      M		call	DecTimer4
00445 000F      M	;	
00446 000F 1512      M		bsf	SysLEDTris	;LED off
00447 0010 1612      M		bsf	LED1_TRIS	;LED off
00448 0011 1692      M		bsf	LED2_TRIS	;LED off
00449 0012      M	;
00450 0012      M	;
00451 0012      M	;--------------------
00452 0012      M	; Sys LED time
00453 0012 0BA3      M		DECFSZ	SysLEDCount,F	;Is it time?
00454 0013 3203      M		bra	SystemBlink_end	; No, not yet
00455 0014      M	;
00456 0014      M	;
00457 0014 0820      M	SystemBlink_Std	MOVF	SysLED_Time,W
00458 0015 00A3      M		MOVWF	SysLEDCount
00459 0016 1112      M		bcf	SysLEDTris	;LED ON
00460 0017      M	;
00461 0017      M	SystemBlink_end:
00462 0017      M	;--------------------
00463 0017      M	; LED 1
00464 0017 112E      M		bcf	SW1_Active
00465 0018 1E0C      M		btfss	SW1_PORT
00466 0019 152E      M		bsf	SW1_Active
00467 001A      M	;
00468 001A 0BA8      M		decfsz	LED1_Count,F
00469 001B 3204      M		bra	LED1Blink_end
00470 001C      M	;
00471 001C 3064      M		movlw	.100	;1 second
00472 001D 00A8      M		movwf	LED1_Count
00473 001E 1A2E      M		btfsc	LED1_Active
00474 001F 1212      M		bcf	LED1_TRIS	;LED ON
00475 0020      M	LED1Blink_end:
00476 0020      M	;--------------------
00477 0020      M	; LED 2
00478 0020 12AE      M		bcf	SW2_Active
00479 0021 1E8C      M		btfss	SW2_PORT
00480 0022 16AE      M		bsf	SW2_Active
00481 0023      M	;
00482 0023 0BA9      M		decfsz	LED2_Count,F
00483 0024 3204      M		bra	LED2Blink_end
00484 0025      M	;
00485 0025 3064      M		movlw	.100	;1 second
00486 0026 00A9      M		movwf	LED2_Count
00487 0027 1BAE      M		btfsc	LED2_Active
00488 0028 1292      M		bcf	LED2_TRIS	;LED ON
00489 0029      M	LED2Blink_end:
00490 0029      M	;	
00491 0029      M	;
00492 0029      M	SystemTick_end:
00493 0029      M	;
00494 0029      M	;-----------------------------------------------------------------------------------------
00495 0029      M		if useRS232
00505 0029      M		endif
00506 0029      M	;-----------------------------------------------------------------------------------------
00507 0029      M		if useRS485
00508 0029      M	;-----------------------------------------------------------------------------------------
00509 0029      M	;EUSART Serial ISR RS-485 Packet Serial on RX1/TX1
00510 0029      M	;
00511 0029 014E      M	IRQ_RS_485	movlb	PIR3
00512 002A 1E8F      M		BTFSS	PIR3,RC1IF	;RX has a byte?
00513 002B 3201      M		BRA	IRQ_RS_485_End
00514 002C 2165      M		CALL	RX_The485Byte
00515 002D      M	IRQ_RS_485_End:
00516 002D      M	;
00517 002D      M		endif
00518 002D      M	;
00519 002D      M	;-----------------------------------------------------------------------------------------
00520 002D 0009      M		retfie
00521 002E      M	;
00522 002E      M	;=========================================================================================
00523 002E      M	;*****************************************************************************************
00524 002E      M	;=========================================================================================
00525 002E      M	;
00526 002E      M		include	F15345_Common.inc
00001 002E      M	;=========================================================================================
00002 002E      M	; Commonly used routines PIC16F18854 version
00003 002E      M	;
00004 002E      M	;    Filename:      F18854_Common.inc
00005 002E      M	;    Date:          3/26/2020
00006 002E      M	;    File Version:  1.0.4
00007 002E      M	;
00008 002E      M	;    Author:        David M. Flynn
00009 002E      M	;    Company:       Oxford V.U.E., Inc.
00010 002E      M	;    E-Mail:        dflynn@oxfordvue.com
00011 002E      M	;    Web Site:      http://www.oxfordvue.com/
00012 002E      M	;
00013 002E      M	;=========================================================================================
00014 002E      M	;    History:
00015 002E      M	;
00016 002E      M	; 1.0.4  3/26/2020     Working with 16F18854
00017 002E      M	; 1.0.3  2/23/2020     Copied from F1847_Common and modified.
00018 002E      M	; 1.0.2  4/6/2019	Fixes to EERead/EEwrite
00019 002E      M	; 1.0.2 2/16/2019	Fix: added FSR0H to DecTimer.
00020 002E      M	; 1.0.1 11/21/2015	Updates DecTimer.
00021 002E      M	; 1.0   11/16/2013	Updated from F648A Common.inc
00022 002E      M	;
00023 002E      M	;=========================================================================================
00024 002E      M	; Routines:
SMRRC_Output.asm                                                      Page: 7
/Users/davidflynn/Projects/SerialMRRC/Firmware/

00025 002E      M	;
00026 002E      M	; ClearRam	(2+0) Clears all RAM, call once before initializing variables, FSR0
00027 002E      M	; CopyToRam	(1+0) copy param memory (EEPROM) to ram, call once, FSR0, FSR1
00028 002E      M	; SaveParams	(1+0) copy ram to param memory (EEPROM), FSR0
00029 002E      M	;
00030 002E      M	;  Set FSR0H before calling these routines
00031 002E      M	; DecTimer4	(0+0) Decrement routine for 16 bit timers, FSR0
00032 002E      M	; DecTimer3
00033 002E      M	; DecTimer2
00034 002E      M	; DecTimer1
00035 002E      M	; DecTimer	(0+0) High byte of counter address in W
00036 002E      M	;
00037 002E      M	; TestT4_Zero	Test for 16 bit timers = zero
00038 002E      M	; TestT3_Zero	If Timer is zero return Z flag,1 else Z=0
00039 002E      M	; TestT2_Zero
00040 002E      M	; TestT1_Zero
00041 002E      M	;
00042 002E      M	; Delay10uS	(0+0)Delay uS    1 cycle = 1uS, 8Mhz clock version
00043 002E      M	; Delay100uS
00044 002E      M	; Delay40uS
00045 002E      M	; DelayWuS
00046 002E      M	;
00047 002E      M	; EEReadW	(0+0) Read EEPROM address in W
00048 002E      M	; EERead	(0+0) Read EEPROM address in EEAddrTemp
00049 002E      M	; EEWriteW	(0+0) Write EEPROM address in W, Data in EEDataTemp
00050 002E      M	; EEWrite	(0+0) Write EEPROM address in EEAdrTemp, Data in EEDataTemp, FSR0
00051 002E      M	;
00052 002E      M	;=========================================================================================
00053 002E      M		ifndef UseEEParams
00055 002E      M		endif
00056 002E      M	;=========================================================================================
00057 002E      M	; Clears all RAM
00058 002E      M	; Entry: none
00059 002E      M	; Exit: none
00060 002E      M	; RAM used: All
00061 002E      M	; Calls:(2+0) ClearRam_L2
00062 002E      M	;
00063 002E      M	; Banks 0..11 80 bytes, Bank 12 48 bytes
00064 002E      M	;
00065 002E 0140      M	ClearRam	MOVLB	0x00                   ;bank 0
00066 002F 305F      M		MOVLW	0x5F	;Clear 20h-7Eh, 95 bytes
00067 0030 00FF      M		MOVWF	Param7F
00068 0031 3020      M		MOVLW	0x20
00069 0032 0084      M		MOVWF	FSR0L
00070 0033 0185      M		CLRF	FSR0H
00071 0034 2053      M		CALL	ClearRam_L2
00072 0035      M	;
00073 0035 3050      M		MOVLW	0x50	;Clear Bank 1 A0h-EFh, 80 bytes
00074 0036 00FF      M		MOVWF	Param7F
00075 0037 30A0      M		MOVLW	0xA0
00076 0038 0084      M		MOVWF	FSR0L
00077 0039 2053      M		CALL	ClearRam_L2
00078 003A      M	;
00079 003A 0A85      M		INCF	FSR0H,F	
00080 003B 204A      M		CALL	ClearRam_2	;Banks 2,3
00081 003C 0A85      M		INCF	FSR0H,F	
00082 003D 204A      M		CALL	ClearRam_2	;Banks 4,5
00083 003E 0A85      M		INCF	FSR0H,F	
00084 003F 204A      M		CALL	ClearRam_2	;Banks 6,7
00085 0040 0A85      M		INCF	FSR0H,F	
00086 0041 204A      M		CALL	ClearRam_2	;Banks 8,9
00087 0042 0A85      M		INCF	FSR0H,F	
00088 0043 204A      M		CALL	ClearRam_2	;Banks 10,11
00089 0044      M	;
00090 0044 0A85      M		INCF	FSR0H,F	;Bank 12, 48 bytes
00091 0045 3030      M		movlw                  0x30
00092 0046 00FF      M		MOVWF	Param7F
00093 0047 3020      M		MOVLW	0x20
00094 0048 0084      M		MOVWF	FSR0L
00095 0049 3209      M		bra                    ClearRam_L2
00096 004A      M	;	
00097 004A 3050      M	ClearRam_2	MOVLW	0x50	;Clear 120h-16Fh, 80 bytes
00098 004B 00FF      M		MOVWF	Param7F
00099 004C 3020      M		MOVLW	0x20
00100 004D 0084      M		MOVWF	FSR0L
00101 004E 2053      M		CALL	ClearRam_L2
00102 004F      M	;
00103 004F 3050      M		MOVLW	0x50	;Clear A0h-EFh, 80 bytes
00104 0050 00FF      M		MOVWF	Param7F
00105 0051 30A0      M		MOVLW	0xA0
00106 0052 0084      M		MOVWF	FSR0L
00107 0053      M	;
00108 0053 0180      M	ClearRam_L2	CLRF	INDF0
00109 0054 0A84      M		INCF	FSR0L,F
00110 0055 0BFF      M		DECFSZ	Param7F,F
00111 0056 33FC      M		bra	ClearRam_L2
00112 0057 0008      M		RETURN
00113 0058      M	;
00114 0058      M		if UseEEParams
00115 0058      M	;==========================================================================
00116 0058      M	; copy param memory to ram
00117 0058      M	;
00118 0058 3000      M	CopyToRam	MOVLW	nvFirstParamByte	;0x00
00119 0059 00B0      M		MOVWF	EEAddrTemp
00120 005A 3040      M		MOVLW	FirstRAMParam	;Bank0 location
00121 005B 0086      M		MOVWF	FSR1L
00122 005C 0187      M		CLRF	FSR1H
00123 005D 20A3      M	CopyToRam_L1	CALL	EERead
00124 005E 001E      M		movwi	FSR1++
SMRRC_Output.asm                                                      Page: 8
/Users/davidflynn/Projects/SerialMRRC/Firmware/

00125 005F 0AB0      M		INCF	EEAddrTemp,F
00126 0060 3045      M		MOVLW	LastRAMParam+1
00127 0061 0206      M		SUBWF	FSR1L,W
00128 0062 		SKPZ		;Past end?
00128 0062 1D03      M		BTFSS	STATUS,Z		BTFSS	STATUS,Z
00129 0063 33F9 		BRA	CopyToRam_L1	; not yet
00130 0064 0008 		RETURN
00131 0065 	;
00132 0065 	;===========================================================================
00133 0065 	; copy ram to param memory
00134 0065 	;
00135 0065 3000 	SaveParams	MOVLW	nvFirstParamByte
00136 0066 00B0 		MOVWF	EEAddrTemp
00137 0067 3040 		MOVLW	FirstRAMParam
00138 0068 0084 		MOVWF	FSR0L
00139 0069 0185 		CLRF	FSR0H
00140 006A 0012 	SaveParams_L1	moviw	FSR0++
00141 006B 00B1 		MOVWF	EEDataTemp
00142 006C 20AD 		CALL	EEWrite
00143 006D 0AB0 		INCF	EEAddrTemp,F
00144 006E 3045 		MOVLW	LastRAMParam+1	;last byte
00145 006F 0204 		SUBWF	FSR0L,W
00146 0070 		SKPZ
00146 0070 1D03      M		BTFSS	STATUS,Z		BTFSS	STATUS,Z
00147 0071 33F8 		BRA	SaveParams_L1
00148 0072 0008 		RETURN
00149 0073 	;
00150 0073 		endif
00151 0073 	;=====================================================================================================
00152 0073 	;=========================================================================================================
00153 0073 	; Decrement routine for 16 bit timers
00154 0073 	; Set FSR0H before calling these routines.
00155 0073 	;
00156 0073 3039 	DecTimer4	movlw	Timer4Hi
00157 0074 3205 		bra	DecTimer
00158 0075 3037 	DecTimer3	movlw	Timer3Hi
00159 0076 3203 		bra	DecTimer
00160 0077 3035 	DecTimer2	movlw	Timer2Hi
00161 0078 3201 		bra	DecTimer
00162 0079 3033 	DecTimer1	movlw	Timer1Hi
00163 007A 	;DecTimer
00164 007A 	; entry: FSR=Timer(n)Hi
00165 007A 0084 	DecTimer	MOVWF	FSR0L
00166 007B 3000 		movlw	High Timer4Hi
00167 007C 0085 		movwf	FSR0H
00168 007D 0013 		MOVIW	FSR0--	;TimerNHi
00169 007E 0400 		IORWF	INDF0,W	;TimerNLo
00170 007F 		SKPNZ
00170 007F 1903      M		BTFSC	STATUS,Z		BTFSC	STATUS,Z
00171 0080 0008 		RETURN
00172 0081 3001 		MOVLW	0x01
00173 0082 0280 		SUBWF	INDF0,F	;TimerNLo
00174 0083 0A84 		INCF	FSR0L,F
00175 0084 0103 		CLRW
00176 0085 3B80 		SUBWFB	INDF0,F	;TimerNHi
00177 0086 0008 		RETURN
00178 0087 	;
00179 0087 	;==============================================================================================
00180 0087 	; Test for 16 bit timers = zero
00181 0087 	;If Timer is zero return Z flag,1 else Z=0
00182 0087 	;
00183 0087 0140 	TestT4_Zero	movlb	0
00184 0088 0838 		movf	Timer4Lo,W
00185 0089 0439 		iorwf	Timer4Hi,W
00186 008A 0008 		return
00187 008B 	;
00188 008B 0140 	TestT3_Zero	movlb	0
00189 008C 0836 		movf	Timer3Lo,W
00190 008D 0437 		iorwf	Timer3Hi,W
00191 008E 0008 		return
00192 008F 	;
00193 008F 0140 	TestT2_Zero	movlb	0
00194 0090 0834 		movf	Timer2Lo,W
00195 0091 0435 		iorwf	Timer2Hi,W
00196 0092 0008 		return
00197 0093 	;
00198 0093 0140 	TestT1_Zero	movlb	0
00199 0094 0832 		movf	Timer1Lo,W
00200 0095 0433 		iorwf	Timer1Hi,W
00201 0096 0008 		return	
00202 0097 	;
00203 0097 		if oldCode
00219 0097 		endif
00220 0097 	;======================================================================================
00221 0097 	;Delay uS    1 cycle = .125uS, 32MHz clock version
00222 0097 	; RAM used: Param77
00223 0097 	; Calls:(0) none
00224 0097 	;
00225 0097 3005 	Delay10uS	MOVLW	0x05	;(2*3+5)/2=10
00226 0098 3203 		bra	DelayWuS
00227 0099 3041 	Delay100uS	MOVLW	d'65'	;(28*3+5)/2=100
00228 009A 3201 		bra	DelayWuS
00229 009B 3019 	Delay40uS	MOVLW	d'25'	;(11*3+5)=40
00230 009C 00F7 	DelayWuS	MOVWF	Param77
00231 009D 0000 	DelayWuS_Loop	nop
00232 009E 0000 		nop
00233 009F 0BF7 		DECFSZ	Param77,F
00234 00A0 33FC 		bra	DelayWuS_Loop
00235 00A1 0008 		RETURN
SMRRC_Output.asm                                                      Page: 9
/Users/davidflynn/Projects/SerialMRRC/Firmware/

00236 00A2 	;
00237 00A2 		if UseEEParams
00238 00A2 	;==============================================================================================
00239 00A2 	; Read EEPROM
00240 00A2 	; entry: EEPROM address to read in W
00241 00A2 	;        Bank 0 selected
00242 00A2 	; exit: W=EEDATA, Bank 0 selected
00243 00A2 	;
00244 00A2 00B0 	EEReadW	movwf	EEAddrTemp
00245 00A3 	;
00246 00A3 	;==============================================================================================
00247 00A3 	; Read EEPROM
00248 00A3 	; entry: EEPROM address to read in EEAddrTemp
00249 00A3 	;        Bank 0 selected
00250 00A3 	; exit: W=EEDATA, Bank 0 selected
00251 00A3 	;
00252 00A3 0830 	EERead	movf	EEAddrTemp,W
00253 00A4 3E80 		addlw	low SAFAddress
00254 00A5 0084 		movwf	FSR0L
00255 00A6 301F 		movlw	high SAFAddress
00256 00A7 1789 		bsf	WREG,7
00257 00A8 0085 		movwf	FSR0H
00258 00A9 		movfw	INDF0
00258 00A9 0800      M		MOVF	INDF0,W		MOVF	src,W
00259 00AA 0140 		MOVLB	0x00	;Bank 0
00260 00AB 0008 		return
00261 00AC 	;
00262 00AC 	;==============================================================================================
00263 00AC 	; Write EEPROM
00264 00AC 	; entry: EEPROM address to write in W
00265 00AC 	;        EEPROM data to write in EEDataTemp
00266 00AC 	;        Bank 0 selected
00267 00AC 	; exit: Bank 0 selected
00268 00AC 	;
00269 00AC 00B0 	EEWriteW	movwf	EEAddrTemp
00270 00AD 	;
00271 00AD 	;==============================================================================================
00272 00AD 	; Write EEPROM
00273 00AD 	; Cannot be used by ISR.
00274 00AD 	; entry: EEPROM address to write in EEAdrTemp
00275 00AD 	;        EEPROM data to write in EEDataTemp
00276 00AD 	;        Bank 0 selected
00277 00AD 	; exit: Bank 0 selected
00278 00AD 	;
00279 00AD 0830 	EEWrite	MOVF	EEAddrTemp,W
00280 00AE 		
00281 00AE 0150 	                       movlb                  NVMADRL                ;bank 16
00282 00AF 3E80 	                       addlw	low SAFAddress
00283 00B0 009A 	                       movwf                  NVMADRL
00284 00B1 301F 		movlw                  high SAFAddress
00285 00B2 009B 		movwf                  NVMADRH
00286 00B3 0140 		movlb	0	;bank 0
00287 00B4 0831 		movf	EEDataTemp,W
00288 00B5 0150 		movlb	NVMADRL                ;bank 16
00289 00B6 009C 		movwf                  NVMDATL
00290 00B7 0103 		clrw
00291 00B8 009D 		movwf                  NVMDATH
00292 00B9 	;
00293 00B9 131E 	                       bcf                    NVMCON1,NVMCON1_NVMREGS	;Prog mem
00294 00BA 	;                      bsf                    NVMCON1,NVMCON1_FREE
00295 00BA 		
00296 00BA 	;
00297 00BA 138B 	EEWrite_L1	bcf	INTCON,GIE	;Disale Ints
00298 00BB 1B8B 		btfsc	INTCON,GIE
00299 00BC 33FD 		bra	EEWrite_L1
00300 00BD 	;
00301 00BD 151E 		bsf                    NVMCON1,NVMCON1_WREN
00302 00BE 3055 		movlw                  0x55
00303 00BF 009F 		movwf                  NVMCON2
00304 00C0 30AA 		movlw                  0xAA
00305 00C1 009F 		movwf                  NVMCON2
00306 00C2 149E 		bsf                    NVMCON1,NVMCON1_WR
00307 00C3 	;
00308 00C3 189E 	EEWriteLoop	btfsc	NVMCON1,NVMCON1_WR	
00309 00C4 33FE 		bra	EEWriteLoop
00310 00C5 111E 		bcf	NVMCON1,NVMCON1_WREN
00311 00C6 178B 		bsf	INTCON,GIE
00312 00C7 0140 		MOVLB	0x00	;Bank 0
00313 00C8 0008 		return	
00314 00C9 	;
00315 00C9 		endif
00316 00C9 	;	
00317 00C9 	;=========================================================================================
00318 00C9 	;=========================================================================================
00319 00C9 	;
00320 00C9 	;
00321 00C9 	;
00322 00C9 	;
00527 00C9 		if useRS232
00530 00C9 		endif
00531 00C9 	;
00532 00C9 20E8 	start	call	InitializeIO
00533 00CA 	;
00534 00CA 	;=========================================================================================
00535 00CA 	;*****************************************************************************************
00536 00CA 	;=========================================================================================
00537 00CA 	;
00538 00CA 0000 	MainLoop	nop
00539 00CB 	;	CLRWDT
SMRRC_Output.asm                                                      Page: 10
/Users/davidflynn/Projects/SerialMRRC/Firmware/

00540 00CB 0000 		nop
00541 00CC 		nop
00542 00CC 	;----------------------
00543 00CC 	;
00544 00CC 0140 		movlb	0	;bank 0
00545 00CD 0840 		movf	SysMode,W
00546 00CE 000B 		brw
00547 00CF 28E4 		goto	DoModeZero
00548 00D0 28E5 		goto	DoModeOne
00549 00D1 28E6 		goto	DoModeTwo
00550 00D2 28E7 		goto	DoModeThree
00551 00D3 	;
00552 00D3 	ModeReturn:
00553 00D3 	;
00554 00D3 	;
00555 00D3 0140 		movlb	0
00556 00D4 	;
00557 00D4 	;-----------------------------------------------------------------------------------------
00558 00D4 		if useRS232
00560 00D4 		endif
00561 00D4 	;-----------------------------------------------------------------------------------------
00562 00D4 		if useRS485
00563 00D4 		include	RS484MLCode.inc
00001 00D4 	; If there are byte in the input buffer send them to the parser.
00002 00D4 219D 		call	GetSer485InBytes
00003 00D5 		SKPZ		;Any data?
00003 00D5 1D03      M		BTFSS	STATUS,Z		BTFSS	STATUS,Z
00004 00D6 21CC 		CALL	RS485_Parse	; yes
00005 00D7 	;
00006 00D7 	;---------------------
00007 00D7 	; Handle Serial Communications
00008 00D7 		if useRS485PacketCmds
00009 00D7 	;
00010 00D7 0144 		movlb	RX485_Flags               ;bank 4
00011 00D8 1CA1 		btfss	RX485DataIsNew
00012 00D9 3203 		bra	RS485ML_1
00013 00DA 		mLongCall	HandleRX485Data
00013 00DA 3188      M		movlp	HandleRX485Data	                       movlp                  Destination
00013 00DB 200A      M		call	HandleRX485Data	                       call                   Destination
00013 00DC 3180      M		movlp	$	                       movlp                  $
00014 00DD 	RS485ML_1:
00015 00DD 		endif
00016 00DD 	;
00017 00DD 	; Handle RS-485 Serial Communications
00018 00DD 	;
00019 00DD 214A 		CALL	TX_The485Byte
00020 00DE 	;
00021 00DE 	; move any serial data received into the 32 byte input buffer
00022 00DE 1CBF 		BTFSS	RS485DataReceivedFlag
00023 00DF 3203 		bra	ML_Ser485_End
00024 00E0 083E 		MOVF	RX485Byte,W
00025 00E1 10BF 		BCF	RS485DataReceivedFlag
00026 00E2 2178 		CALL	StoreSer485In
00027 00E3 	;
00028 00E3 	ML_Ser485_End:
00029 00E3 	;
00564 00E3 		endif
00565 00E3 	;-----------------------------------------------------------------------------------------
00566 00E3 	;
00567 00E3 	;
00568 00E3 33E6 		bra	MainLoop
00569 00E4 	;
00570 00E4 	;=========================================================================================
00571 00E4 	;*****************************************************************************************
00572 00E4 	;=========================================================================================
00573 00E4 	; Mode 0  Master Control, RS-232 to USB, RS-485 to Railroad
00574 00E4 	;
00575 00E4 28D3 	DoModeZero	goto	ModeReturn
00576 00E5 	;
00577 00E5 	;=========================================================================================
00578 00E5 	; 
00579 00E5 	;
00580 00E5 28D3 	DoModeOne	goto	ModeReturn
00581 00E6 	;
00582 00E6 	;=========================================================================================
00583 00E6 	;
00584 00E6 	;
00585 00E6 28D3 	DoModeTwo	goto	ModeReturn
00586 00E7 	;
00587 00E7 	;=========================================================================================
00588 00E7 	; 
00589 00E7 	;
00590 00E7 28D3 	DoModeThree	goto	ModeReturn
00591 00E8 	;
00592 00E8 	;=========================================================================================
00593 00E8 	; ***************************************************************************************
00594 00E8 	;=========================================================================================
00595 00E8 	; Initialization routine for PIC16F18854 based BLDC_Drive.
00596 00E8 	; Call once before starting main loop.
00597 00E8 	;
00598 00E8 0150 	InitializeIO	movlb	WDTCON0
00599 00E9 3026 		movlw	b'00100110'	;longest and off
00600 00EA 008C 		movwf	WDTCON0
00601 00EB 	;
00602 00EB 017E 		movlb	ANSELA                 ;bank 30
00603 00EC 3000 		movlw	PortA_ANSel_Value
00604 00ED 00B8 		movwf	ANSELA
00605 00EE 01BB 		clrf	SLRCONA	;No slew
00606 00EF 01BC 		clrf	INLVLA	;TTL levels
SMRRC_Output.asm                                                      Page: 11
/Users/davidflynn/Projects/SerialMRRC/Firmware/

00607 00F0 3000 		movlw	PortB_ANSel_Value
00608 00F1 00C3 		movwf                  ANSELB
00609 00F2 3000 		movlw	PortC_ANSel_Value
00610 00F3 00CE 		movwf	ANSELC
00611 00F4 01D1 		clrf	SLRCONC	;No slew
00612 00F5 01D2 		clrf	INLVLC	;TTL levels
00613 00F6 	;
00614 00F6 0140 		movlb	0	;bank 0
00615 00F7 3000 		movlw	PortA_Init_Value
00616 00F8 0098 		movwf	LATA
00617 00F9 3000 		movlw                  PortB_Init_Value
00618 00FA 0099 		movwf                  LATB
00619 00FB 3000 		movlw	PortC_Init_Value
00620 00FC 009A 		movwf	LATC
00621 00FD 	;
00622 00FD 30FF 	                       movlw                  PortA_Tris_Bits
00623 00FE 0092 	                       movwf                  TRISA
00624 00FF 30AF 	                       movlw                  PortB_Tris_Bits
00625 0100 0093 	                       movwf                  TRISB
00626 0101 3000 	                       movlw                  PortC_Tris_Bits
00627 0102 0094 	                       movwf                  TRISC
00628 0103 	;
00629 0103 	; clear memory to zero
00630 0103 202E 		CALL	ClearRam
00631 0104 0064 		CLRWDT
00632 0105 		if UseEEParams
00633 0105 2058 		CALL	CopyToRam
00634 0106 		endif
00635 0106 	;
00636 0106 	;-----------------------
00637 0106 	;Setup T0 for 100/s
00638 0106 	;
00639 0106 0089 	T0CON0_Value	equ	b'10001001'	;T0EN, 8bit timer, 1:10 Postscaler
00640 0106 0056 	T0CON1_Value	equ	b'01010110'	;Fosc/4, sync, 1:64 perscaler
00641 0106 007D 	TMR0H_Value	equ	.125
00642 0106 	;
00643 0106 014B 		movlb	T0CON0
00644 0107 3089 		movlw	T0CON0_Value
00645 0108 009E 		movwf	T0CON0
00646 0109 3056 		movlw	T0CON1_Value
00647 010A 009F 		movwf	T0CON1
00648 010B 307D 		movlw	TMR0H_Value
00649 010C 009D 		movwf	TMR0H
00650 010D 179E 		bsf	T0CON0,T0EN
00651 010E 014E 		movlb	PIE0
00652 010F 1696 		bsf	PIE0,TMR0IE
00653 0110 0140 		movlb	0
00654 0111 170B 		bsf	INTCON,PEIE	; enable periferal interupts
00655 0112 178B 		bsf	INTCON,GIE	; enable interupts
00656 0113 	;
00657 0113 3064 		MOVLW	LEDTIME
00658 0114 00A0 		MOVWF	SysLED_Time
00659 0115 01A1 		clrf	SysLED_Blinks
00660 0116 01A2 		clrf	SysLED_BlinkCount
00661 0117 3001 		movlw	0x01
00662 0118 00A3 		movwf	SysLEDCount	;start blinking right away
00663 0119 1112 		bcf	SysLEDTris	;LED ON
00664 011A 3064 		MOVLW	LEDTIME
00665 011B 00A0 		MOVWF	SysLED_Time
00666 011C 3064 		movlw	.100
00667 011D 00B8 		movwf	Timer4Lo	;ignor buttons for 1st second
00668 011E 	;
00669 011E 	;=========================================================================================
00670 011E 		if useRS232
00672 011E 		endif
00673 011E 	;=========================================================================================
00674 011E 		if useRS485
00675 011E 226B 		call	RS485_Init
00676 011F 		endif
00677 011F 	;
00678 011F 	;=========================================================================================
00679 011F 	;
00680 011F 	;
00681 011F 0140 		movlb	0
00682 0120 0008 		return
00683 0121 	;
00684 0121 	;=========================================================================================
00685 0121 	;
00686 0121 		if useRS485
00687 0121 		include	SerBuffRS485_15345.inc
00001 0121 	;=========================================================================================
00002 0121 	;
00003 0121 	;    Filename:      SerBuffRS485_15345.inc
00004 0121 	;    Created:  4/5/2025                               
00005 0121 	;    Revision:  1.0d1      4/5/2025
00006 0121 	;
00007 0121 	;    Author:        David M. Flynn
00008 0121 	;    Company:       Oxford V.U.E., Inc.
00009 0121 	;    E-Mail:        dflynn@oxfordvue.com
00010 0121 	;
00011 0121 	;=========================================================================================
00012 0121 	;=========================================================================================
00013 0121 	; Notes:
00014 0121 	;  Handles RS-485 packet serial I/O on TX1/RX1
00015 0121 	;  Simplex data, the receiver is always on the transmitter is only active when needed.
00016 0121 	;
00017 0121 	; History:
00018 0121 	; 1.0d1      4/5/2025	Converted from SerBuff_18854 Rev 1.0
00019 0121 	;
SMRRC_Output.asm                                                      Page: 12
/Users/davidflynn/Projects/SerialMRRC/Firmware/

00020 0121 	;=========================================================================================
00021 0121 	; Bank0 Variables:
00022 0121 	;
00023 0121 	;	cblock	0x20
00024 0121 	;	TX485Byte		;Next byte to send
00025 0121 	;	RX485Byte		;Last byte received
00026 0121 	;	Ser485Flags
00027 0121 	;	endc
00028 0121 	;
00029 0121 	;#define	RS485TXActive	Ser485Flags,0
00030 0121 	;#Define	RS485DataReceivedFlag	Ser485Flags,1
00031 0121 	;#Define	RS485DataSentFlag	Ser485Flags,2
00032 0121 	;#Define	RS485RX_Timeout	Ser485Flags,3	;cleared by host read
00033 0121 	;#Define	RS485DestAddLoRXd	Ser485Flags,4
00034 0121 	;#Define	RS485SourceAddLoRXd	Ser485Flags,5
00035 0121 	;
00036 0121 	; Bank4 Variables:
00037 0121 	;#Define	Ser485_Buff_Bank	4
00038 0121 	;	cblock	0x120
00039 0121 	;	Ser485_In_Bytes		;Bytes in Ser_In_Buff
00040 0121 	;	Ser485_Out_Bytes		;Bytes in Ser_Out_Buff
00041 0121 	;	Ser485_In_InPtr
00042 0121 	;	Ser485_In_OutPtr
00043 0121 	;	Ser485_Out_InPtr
00044 0121 	;	Ser485_Out_OutPtr
00045 0121 	;	Ser485_In_Buff:20
00046 0121 	;	Ser485_Out_Buff:20
00047 0121 	;	endc
00048 0121 	;
00049 0121 	;=========================================================================================
00050 0121 	; Routines	(Bank In/Bank Out)
00051 0121 	;
00052 0121 	; TX_The485Byte	(X/0) Send one byte to UART
00053 0121 	; RX_The485Byte	(X/0) Receive one byte from UART
00054 0121 	; StoreSer485In	(X/0) Put the byte in W into the serial input buffer, FSR0
00055 0121 	; GetSer485In	(X/0) Get a byte from the serial input buffer, FSR0
00056 0121 	; Flush485InBuff	(X/0) Flush the serial incoming buffer.
00057 0121 	; GetSer485InBytes	(X/0) Get the number of bytes in the serial input buffer
00058 0121 	; GetSer485OutBytes	(X/0) Get the number of bytes in the serial ouput buffer
00059 0121 	; StoreSer485Out	(X/0) Put the byte in W into the serial output buffer, FSR0
00060 0121 	; POP_Ser485Out	(X/0) Remove the last char stored in the output buffer
00061 0121 	; GetSer485Out	(X/0) Get a byte from the serial Output buffer, FSR0
00062 0121 	;	       W=Byte, Param78:0=ValidFlag
00063 0121 	; RS485DeactivateTX	(X/0) If TX is Idle disable it. RS485TXActive=0
00064 0121 	; RS485ActivateTX	(X/0) RS485TXActive=1
00065 0121 	;=========================================================================================
00066 0121 	;=========================================================================================
00067 0121 	; *** Put in main loop ***
00068 0121 	;
00069 0121 	; Handle RS-485 Serial Communications
00070 0121 	;	btfss	RS485TXActive	;In transmit mode?
00071 0121 	;	bra	RS485NoTX	; No
00072 0121 	;	movlb	PIR3
00073 0121 	;	BTFSS	PIR3,TX1IF	;TX done?
00074 0121 	;	BRA	RS485TX_End
00075 0121 	;	CALL	TX_The485Byte	; Yes
00076 0121 	;RS485TX_End:
00077 0121 	;
00078 0121 	; move any serial data received into the 32 byte input buffer
00079 0121 	;RS485NoTX	BTFSS	RS485DataReceivedFlag
00080 0121 	;	BRA	ML_Ser485_Out
00081 0121 	;	MOVF	RX485Byte,W
00082 0121 	;	BCF	RS485DataReceivedFlag
00083 0121 	;	CALL	StoreSer485In
00084 0121 	;
00085 0121 	;=========================================================================================
00086 0121 	; If the serial data has been sent and there are bytes in the buffer, send the next byte
00087 0121 	;
00088 0121 	;ML_Ser485_Out	BTFSS	RS485DataSentFlag
00089 0121 	;	BRA	ML_Ser485_End
00090 0121 	;	CALL	GetSer485Out
00091 0121 	;	BTFSS	Param78,0
00092 0121 	;	BRA	ML_Ser485_End
00093 0121 	;	MOVWF	TX485Byte
00094 0121 	;	BCF	RS485DataSentFlag
00095 0121 	;ML_Ser485_End
00096 0121 	;
00097 0121 	;=========================================================================================
00098 0121 	; *** Put in Init section ***
00099 0121 	;BAUDCON_Value	EQU	b'00001000'
00100 0121 	;TXSTA_Value	EQU	b'00100100'	;8 bit, TX enabled, Async, High speed
00101 0121 	;RCSTA_Value	EQU	b'10010000'	;RX enabled, 8 bit, Continious receive
00102 0121 	;; 8MHz clock low speed (BRGH=0,BRG16=1)
00103 0121 	;;Baud_300	EQU	d'1666'	;0.299, -0.02%
00104 0121 	;;Baud_1200	EQU	d'416'	;1.199, -0.08%
00105 0121 	;;Baud_2400	EQU	d'207'	;2.404, +0.16%
00106 0121 	;;Baud_9600	EQU	d'51'	;9.615, +0.16%
00107 0121 	;; 8MHz clock high speed (BRGH=1,BRG16=1)
00108 0121 	;Baud_300	EQU	d'6666'	;0.299, -0.02%
00109 0121 	;Baud_1200	EQU	d'1666'	;1.199, -0.08%
00110 0121 	;Baud_2400	EQU	d'832'	;2.404, +0.16%
00111 0121 	;Baud_9600	EQU	d'207'	;9.615, +0.16%
00112 0121 	;Baud_19_2	EQU	d'103'	;19.23k, +0.16
00113 0121 	;Baud_57_6	EQU	d'34'	;57.14k, -0.79
00114 0121 	;BaudRate	EQU	Baud_9600
00115 0121 	;; 32MHz clock low speed (BRGH=1,BRG16=1)
00116 0121 	;Baud_300	EQU	.26666	;300, 0.00%
00117 0121 	;Baud_1200	EQU	.6666	;1200, 0.00%
00118 0121 	;Baud_2400	EQU	.3332	;2400, +0.01%
SMRRC_Output.asm                                                      Page: 13
/Users/davidflynn/Projects/SerialMRRC/Firmware/

00119 0121 	;Baud_9600	EQU	.832	;9604, +0.04%
00120 0121 	;Baud_19200	EQU	.416	;19.18k, -0.08%
00121 0121 	;Baud_38400	EQU	.207	;38.46k, +0.16%
00122 0121 	;Baud_57600	EQU	.138	;57.55k, -0.08%
00123 0121 	;BaudRate	EQU	Baud_38400
00124 0121 	;-------------
00125 0121 	;
00126 0121 	; setup serial I/O
00127 0121 	;	movlb	TX1STA	; bank 3
00128 0121 	;	MOVLW	TX1STA_Value
00129 0121 	;	MOVWF	TX1STA
00130 0121 	;	MOVLW	low BaudRate
00131 0121 	;	MOVWF	SP1BRGL
00132 0121 	;	MOVLW	high BaudRate
00133 0121 	;	MOVWF	SP1BRGH
00134 0121 	;	MOVLW	RC1STA_Value
00135 0121 	;	MOVWF	RC1STA
00136 0121 	;
00137 0121 	;	movlb	PIE3	; bank ?
00138 0121 	;	BSF	PIE3,RC1IE	; Serial Receive interupt
00139 0121 	;	movlb	0x00	; bank 0
00140 0121 	;	BSF	INTCON,PEIE	;Peripheral IRQ Enable
00141 0121 	;	BSF	INTCON,GIE
00142 0121 	;
00143 0121 	;=========================================================================================
00144 0121 	; *** Put in ISR ***
00145 0121 	;-----------------------------------------------------------------------------------------
00146 0121 	;AUSART Serial ISR
00147 0121 	;
00148 0121 	;IRQ_RS_485	BTFSS	PIR3,RC1IF	;RX has a byte?
00149 0121 	;	BRA	IRQ_RS_485_End
00150 0121 	;	CALL	RX_The485Byte
00151 0121 	;
00152 0121 	;IRQ_RS_485_End
00153 0121 	;
00154 0121 	;=========================================================================================
00155 0121 	; ***************************************************************************************
00156 0121 	;=========================================================================================
00157 0121 	; If TX is Idle disable it.
00158 0121 	;
00159 0121 0140 	RS485DeactivateTX	movlb	0	;bank 0
00160 0122 1C3F 		btfss	RS485TXActive	;TX mode?
00161 0123 320F 		bra	RS485DeactivateTX_End	; No, we're done here
00162 0124 	; finish TX if there are bytes in the buffer
00163 0124 1D3F 		btfss	RS485DataSentFlag	;Byte is waiting?
00164 0125 320D 		bra	RS485DeactivateTX_End	; Yes, do nothing
00165 0126 	;
00166 0126 014E 		movlb	PIR3	;bank 14
00167 0127 1E0F 		btfss	PIR3,TX1IF	;TX done?
00168 0128 320A 		bra	RS485DeactivateTX_End	; No
00169 0129 0142 		movlb	TX1STA	;bank 2
00170 012A 1C9E 		btfss	TX1STA,TX1STA_TRMT	;bits all shifted?
00171 012B 3207 		bra	RS485DeactivateTX_End	; No, not yet
00172 012C 	;
00173 012C 0142 	RS485DeactivateTX_1	movlb	TX1STA
00174 012D 129E 		bcf	TX1STA,TX1STA_TXEN	;Transmitter Off
00175 012E 	;
00176 012E 0140 		movlb	0	;bank 0
00177 012F 103F 		bcf	RS485TXActive
00178 0130 1319 		bcf	RS485DE	;DriverEnable=0
00179 0131 1219 		bcf	RS485nRE	;nRecieverEnable=0
00180 0132 	;tc
00181 0132 17AE 		bsf	LED2_Active
00182 0133 	;etc
00183 0133 0140 	RS485DeactivateTX_End	movlb	0
00184 0134 	;tc
00185 0134 17AE 		bsf	LED2_Active
00186 0135 	;etc	
00187 0135 0008 		return
00188 0136 	;
00189 0136 	;=========================================================================================
00190 0136 	; If nothing is being received activate the TX
00191 0136 	;
00192 0136 0140 	RS485ActivateTX	movlb	0	;bank 0
00193 0137 183F 		btfsc	RS485TXActive	;TX is active?
00194 0138 320F 		bra	RS485ActivateTX_End	; Yes, do nothing
00195 0139 	;
00196 0139 18BF 		btfsc	RS485DataReceivedFlag	;Data?
00197 013A 320D 		bra	RS485ActivateTX_End	; Yes, do nothing
00198 013B 	;
00199 013B 0141 		movlb	1
00200 013C 08A0 		movf	RX485_ParseFlags,F
00201 013D 		SKPZ		;Receive in progress?
00201 013D 1D03      M		BTFSS	STATUS,Z		BTFSS	STATUS,Z
00202 013E 3209 		bra	RS485ActivateTX_End	; Yes, do nothing
00203 013F 	;
00204 013F 	; Enable the transmitter
00205 013F 0140 		movlb	0	;bank 0
00206 0140 143F 		bsf	RS485TXActive
00207 0141 1719 		bsf	RS485DE	;DriverEnable=1
00208 0142 1219 		bcf	RS485nRE	;nRecieverEnable=0
00209 0143 	;
00210 0143 0142 		movlb	TX1STA	;bank2
00211 0144 169E 		bsf	TX1STA,TX1STA_TXEN
00212 0145 	;	bcf	TX1STA,TX1STA_SYNC
00213 0145 0140 		movlb	0	;bank 0
00214 0146 	;tc
00215 0146 162E 		bsf	LED1_Active
00216 0147 13AE 		bcf	LED2_Active
SMRRC_Output.asm                                                      Page: 14
/Users/davidflynn/Projects/SerialMRRC/Firmware/

00217 0148 	;etc	
00218 0148 	;
00219 0148 0140 	RS485ActivateTX_End	movlb	0	;bank 0
00220 0149 0008 		return
00221 014A 	;
00222 014A 	;=========================================================================================
00223 014A 	; Send one byte
00224 014A 	;  If there is a byte to send then turn on the TX and send it.
00225 014A 	;  If there is nothing to send then turn off the TX
00226 014A 	;
00227 014A 	; Entry: 
00228 014A 	; Exit: Bank0
00229 014A 	;
00230 014A 	;
00231 014A 0140 	TX_The485Byte	movlb                  0                      ;bank 0
00232 014B 1D3F 	                       btfss	RS485DataSentFlag	;Byte to send?
00233 014C 3205 	                       bra	TX_The485Byte_1	; yes
00234 014D 	;
00235 014D 	;See if there is a byte thet needs sending
00236 014D 21BB 	                       call	GetSer485Out	;get the next byte
00237 014E 1C78 		btfss	Param78,0	;We have a byte?
00238 014F 3211 		bra	TX_The485Byte_NoData	; No
00239 0150 00BD 		movwf	TX485Byte	; in bank 0
00240 0151 113F 		bcf	RS485DataSentFlag
00241 0152 	;
00242 0152 	; We have a byte to send is TX on?
00243 0152 1C3F 	TX_The485Byte_1	btfss	RS485TXActive	;In transmit mode?
00244 0153 2136 		call	RS485ActivateTX	; No
00245 0154 1C3F 		btfss	RS485TXActive	;In transmit mode?
00246 0155 3209 		bra	TX_The485Byte_End	; No
00247 0156 	; TX buffer empty?
00248 0156 014E 		movlb	PIR3
00249 0157 1E0F 		btfss	PIR3,TX1IF	;TX done?
00250 0158 3206 		bra	TX_The485Byte_End
00251 0159 	; Send it
00252 0159 0140 		movlb	0	;bank 0
00253 015A 083D 		movf	TX485Byte,W	
00254 015B 0142 		movlb	TX1REG                 ;bank 2
00255 015C 009A 		movwf	TX1REG
00256 015D 0140 		movlb	0                      ;bank 0
00257 015E 153F 		bsf	RS485DataSentFlag
00258 015F 	;
00259 015F 0140 	TX_The485Byte_End	movlb	0	;bank 0
00260 0160 0008 		return
00261 0161 	;
00262 0161 	; There is no data, if the TX is on turn it off
00263 0161 	TX_The485Byte_NoData:
00264 0161 	;tc
00265 0161 	;	bsf	LED2_Active
00266 0161 	;etc	
00267 0161 0140 		movlb	0	;bank 0
00268 0162 183F 		btfsc	RS485TXActive
00269 0163 	;	btfsc	RS485DE
00270 0163 2121 		call	RS485DeactivateTX
00271 0164 0008 		return
00272 0165 	;
00273 0165 	;=========================================================================================
00274 0165 	;
00275 0165 0142 	RX_The485Byte	movlb	RC1STA	; bank ?
00276 0166 081D 		MOVF	RC1STA,W
00277 0167 3906 		ANDLW	0x06
00278 0168 		SKPZ		;Frame or Overrun Err?
00278 0168 1D03      M		BTFSS	STATUS,Z		BTFSS	STATUS,Z
00279 0169 3206 		bra	RX_The485Byte_Err	; yes
00280 016A 	;
00281 016A 0142 	RX_The485Byte_1	movlb	RC1REG
00282 016B 0819 		movf	RC1REG,W
00283 016C 0140 		movlb	0	; bank 0
00284 016D 00BE 		MOVWF	RX485Byte
00285 016E 14BF 		bsf	RS485DataReceivedFlag
00286 016F 0008 		return
00287 0170 	;
00288 0170 0819 	RX_The485Byte_Err	MOVF	RC1REG,W	;bad byte so drop it
00289 0171 121D 		BCF	RC1STA,RC1STA_CREN     ;disable receiver
00290 0172 111D 		BCF	RC1STA,RC1STA_FERR
00291 0173 109D 		BCF	RC1STA,RC1STA_OERR
00292 0174 161D 		BSF	RC1STA,RC1STA_CREN     ;enable receiver
00293 0175 0140 		movlb	0                      ;bank 0
00294 0176 01BE 		clrf	RX485Byte
00295 0177 0008 		return
00296 0178 	;
00297 0178 	;=========================================================================================
00298 0178 	;=========================================================================================
00299 0178 	; Put the byte in W into the serial input buffer
00300 0178 	;
00301 0178 	; Entry: W = byte to store
00302 0178 	; Exit: none
00303 0178 	; Ram Used: Param78, FSR
00304 0178 	;
00305 0178 00F8 	StoreSer485In	MOVWF	Param78
00306 0179 0144 		MOVLB	Ser485_Buff_Bank
00307 017A 0AB5 		INCF	Ser485_In_Bytes,F
00308 017B 	;	
00309 017B 0837 		MOVF	Ser485_In_InPtr,W
00310 017C 391F 		ANDLW	0x1F
00311 017D 0AB7 		INCF	Ser485_In_InPtr,F
00312 017E 3E3B 		ADDLW	low Ser485_In_Buff
00313 017F 0084 		MOVWF	FSR0L
00314 0180 3002 		MOVLW	high Ser485_In_Buff
SMRRC_Output.asm                                                      Page: 15
/Users/davidflynn/Projects/SerialMRRC/Firmware/

00315 0181 0085 		MOVWF	FSR0H
00316 0182 0878 		MOVF	Param78,W
00317 0183 0080 		MOVWF	INDF0
00318 0184 0140 		MOVLB	0x00
00319 0185 0008 		RETURN
00320 0186 	;
00321 0186 	;=========================================================================================
00322 0186 	; Get a byte from the serial input buffer
00323 0186 	;
00324 0186 	; Entry: none
00325 0186 	; Exit: W=byte from buffer, Param78,0=valid
00326 0186 	;
00327 0186 0144 	GetSer485In	MOVLB	Ser485_Buff_Bank
00328 0187 1078 		BCF	Param78,0	;no data
00329 0188 08B5 		MOVF	Ser485_In_Bytes,F
00330 0189 		SKPNZ
00330 0189 1903      M		BTFSC	STATUS,Z		BTFSC	STATUS,Z
00331 018A 320A 		bra	GetSer485In_End
00332 018B 1478 		BSF	Param78,0
00333 018C 03B5 		DECF	Ser485_In_Bytes,F
00334 018D 0838 		MOVF	Ser485_In_OutPtr,W
00335 018E 391F 		ANDLW	0x1F
00336 018F 0AB8 		INCF	Ser485_In_OutPtr,F
00337 0190 3E3B 		ADDLW	low Ser485_In_Buff
00338 0191 0084 		MOVWF	FSR0L
00339 0192 3002 		MOVLW	high Ser485_In_Buff
00340 0193 0085 		MOVWF	FSR0H
00341 0194 0800 		MOVF	INDF0,W
00342 0195 0140 	GetSer485In_End	movlb	0
00343 0196 0008 		return
00344 0197 	;
00345 0197 	;=========================================================================================
00346 0197 	; Flush the serial incoming buffer
00347 0197 	; Entry: none
00348 0197 	; Exit: bank 0
00349 0197 	;
00350 0197 0144 	Flush485InBuff	movlb	Ser485_Buff_Bank
00351 0198 01B5 		clrf	Ser485_In_Bytes
00352 0199 01B8 		clrf	Ser485_In_OutPtr
00353 019A 01B7 		clrf	Ser485_In_InPtr
00354 019B 0140 		movlb	0
00355 019C 0008 		return
00356 019D 	;
00357 019D 	;=========================================================================================
00358 019D 	; Get the number of bytes in the serial input buffer
00359 019D 	;
00360 019D 	; Entry: none
00361 019D 	; Exit: W=bytes in buffer, Z
00362 019D 	;
00363 019D 0144 	GetSer485InBytes	MOVLB	Ser485_Buff_Bank
00364 019E 0835 		MOVF	Ser485_In_Bytes,W
00365 019F 0140 		movlb	0
00366 01A0 0008 		return
00367 01A1 	;
00368 01A1 	;=========================================================================================
00369 01A1 	; Get the number of bytes in the serial ouput buffer
00370 01A1 	;
00371 01A1 	; Entry: none
00372 01A1 	; Exit: W=bytes in buffer, Z
00373 01A1 	;
00374 01A1 0144 	GetSer485OutBytes	MOVLB	Ser485_Buff_Bank
00375 01A2 0836 		MOVF	Ser485_Out_Bytes,W
00376 01A3 0140 		movlb	0
00377 01A4 0008 		return
00378 01A5 	;
00379 01A5 	;=========================================================================================
00380 01A5 	; Put the byte in W into the serial output buffer
00381 01A5 	;
00382 01A5 	; Entry: W = byte to store
00383 01A5 	; Exit: Param78 & W = byte stored, Bank 0
00384 01A5 	; Ram used: Param78, FSR0
00385 01A5 	; Calls: (0) none
00386 01A5 	;
00387 01A5 00F8 	StoreSer485Out	MOVWF	Param78
00388 01A6 0144 		MOVLB	Ser485_Buff_Bank
00389 01A7 0AB6 		INCF	Ser485_Out_Bytes,F
00390 01A8 	;	
00391 01A8 0839 		MOVF	Ser485_Out_InPtr,W
00392 01A9 391F 		ANDLW	0x1F
00393 01AA 0AB9 		INCF	Ser485_Out_InPtr,F
00394 01AB 3E5B 		ADDLW	low Ser485_Out_Buff
00395 01AC 0084 		MOVWF	FSR0L
00396 01AD 3002 		MOVLW	high Ser485_In_Buff
00397 01AE 0085 		MOVWF	FSR0H
00398 01AF 0878 		MOVF	Param78,W
00399 01B0 0080 		MOVWF	INDF0
00400 01B1 0140 		movlb	0
00401 01B2 0008 		return
00402 01B3 	;
00403 01B3 	;=========================================================================================
00404 01B3 	; Remove the last char stored in the output buffer
00405 01B3 	;
00406 01B3 0144 	POP_Ser485Out	MOVLB	Ser485_Buff_Bank
00407 01B4 08B6 		MOVF	Ser485_Out_Bytes,F
00408 01B5 		SKPNZ
00408 01B5 1903      M		BTFSC	STATUS,Z		BTFSC	STATUS,Z
00409 01B6 3202 		bra	POP_Ser485Out_End
00410 01B7 03B6 		DECF	Ser485_Out_Bytes,F
00411 01B8 03B9 		DECF	Ser485_Out_InPtr,F
SMRRC_Output.asm                                                      Page: 16
/Users/davidflynn/Projects/SerialMRRC/Firmware/

00412 01B9 0140 	POP_Ser485Out_End	movlb	0
00413 01BA 0008 		return
00414 01BB 	;
00415 01BB 	;=========================================================================================
00416 01BB 	; Get a byte from the serial Output buffer
00417 01BB 	;
00418 01BB 	; Entry: none
00419 01BB 	; Exit: W=byte from buffer, Param78,0=valid
00420 01BB 	;
00421 01BB 0144 	GetSer485Out	MOVLB	Ser485_Buff_Bank
00422 01BC 1078 		BCF	Param78,0	;no data
00423 01BD 08B6 		MOVF	Ser485_Out_Bytes,F
00424 01BE 		SKPNZ		;Any bytes in buffer?
00424 01BE 1903      M		BTFSC	STATUS,Z		BTFSC	STATUS,Z
00425 01BF 320A 		bra	GetSer485Out_End	; No
00426 01C0 1478 		BSF	Param78,0	;Returning a byte
00427 01C1 03B6 		DECF	Ser485_Out_Bytes,F
00428 01C2 083A 		MOVF	Ser485_Out_OutPtr,W
00429 01C3 391F 		ANDLW	0x1F
00430 01C4 0ABA 		INCF	Ser485_Out_OutPtr,F
00431 01C5 3E5B 		ADDLW	low Ser485_Out_Buff
00432 01C6 0084 		MOVWF	FSR0L
00433 01C7 3002 		MOVLW	high Ser485_In_Buff
00434 01C8 0085 		MOVWF	FSR0H
00435 01C9 0800 		MOVF	INDF0,W
00436 01CA 0140 	GetSer485Out_End	movlb	0
00437 01CB 0008 		return
00438 01CC 	;
00439 01CC 	;=========================================================================================
00440 01CC 	;
00441 01CC 	;
00442 01CC 	;
00443 01CC 	;
00444 01CC 	;
00445 01CC 	;
00446 01CC 	;
00447 01CC 	;
00448 01CC 	;
00449 01CC 	;
00450 01CC 	;
00451 01CC 	;
00452 01CC 	;
00453 01CC 	;
00454 01CC 	;
00455 01CC 	;
00456 01CC 	;
00457 01CC 	;
00458 01CC 	;
00459 01CC 	;
00688 01CC 		include	RS485_Parse.inc
00001 01CC 	;=========================================================================================
00002 01CC 	;
00003 01CC 	;   Filename:  RS485_Parse.inc
00004 01CC 	;   Created:   4/5/2025
00005 01CC 	;   Revision:  1.0.2  7/26/2026
00006 01CC 	;
00007 01CC 	;   Author:  David M. Flynn
00008 01CC 	;   Company: DMF-Enterprises
00009 01CC 	;   E-Mail: dflynn.oxfordvue@gmail.com
00010 01CC 	;   License: MIT License
00011 01CC 	;
00012 01CC 	;=========================================================================================
00013 01CC 	; Routines:
00014 01CC 	;
00015 01CC 	; RS485_Parse	Call from main loop
00016 01CC 	; RS485_ClearTXData	Clear the TX data, FSR1
00017 01CC 	; RS485_Send	Send the data at TX_data, FSR0, FSR1
00018 01CC 	; RS485_Forward	Forward a data packet from RS232 (USB)
00019 01CC 	; RS485_Init	Setup serial I/O on RB7/TX1, RB5/RX1, RB4/nRE, RB6/DE
00020 01CC 	;
00021 01CC 	;=========================================================================================
00022 01CC 	; Notes:
00023 01CC 	;
00024 01CC 	; History:
00025 01CC 	; 1.0.2  7/26/2026	Code cleanup. Moved header stuff to RS485_Parse.H
00026 01CC 	; 1.0.1  7/25/2026	Moved RS485_Init into this file.
00027 01CC 	; 1.0d1  4/5/2025	Copied from RS232_Parse 1.0b5
00028 01CC 	;
00029 01CC 	; RS485_Parse	(X/0) Parse any bytes received by the serial port
00030 01CC 	; Packet format: (DD DD) DA SA D0 D1 D2 D3 D4 D5 D6 D7 (CS)
00031 01CC 	;  DD = Sync byte added if address is received
00032 01CC 	;  DA = Destination Address, SA = Source Address, 
00033 01CC 	;       Dn = Data, CS Check Sum (xor of Address and Data bytes)
00034 01CC 	;  SA RS485_SAddr ( the sender )
00035 01CC 	;  DA must be RS485_MyAddr ( this program, must match )
00036 01CC 	;  If the checksum matches put the data bytes in the RX485_Data buffer,
00037 01CC 	;   set RX485DataValidFlag and RX485DataIsNew.
00038 01CC 	;=========================================================================================
00039 01CC 	;
00040 01CC 	; default to a 6 byte packet 0xDD 0xDD DA SA D0 D1 D2 D3 CS
00041 01CC 	;
00042 01CC 	;
00043 01CC 		ifndef RP485_DataBytes
00045 01CC 		endif
00046 01CC 	;
00047 01CC 		ifndef UseRS485Chksum
00049 01CC 		endif
00050 01CC 	;
00051 01CC 		constant RX485Timeout=5	;50 mS max between incoming bytes
SMRRC_Output.asm                                                      Page: 17
/Users/davidflynn/Projects/SerialMRRC/Firmware/

00052 01CC 	;=========================================================================================
00053 01CC 	; Bank0 variable used by RS232_Parse:
00054 01CC 	;
00055 01CC 	;	cblock
00056 01CC 	;	RS485_Address
00057 01CC 	;	endc
00058 01CC 	;
00059 01CC 	; *** put in main loop
00060 01CC 	;	CALL	RS485_Parse
00061 01CC 	; if RX485DataValidFlag is set data may be used
00062 01CC 	;
00063 01CC 	;=========================================================================================
00064 01CC 	; Parse any bytes received by the serial port
00065 01CC 	;
00066 01CC 	; Receive 0xDD,0xDD,SA0,DA0,Cmd,Data0,Data1,Data2,CS
00067 01CC 	;
00068 01CC 	;
00069 01CC 	; Entry: none
00070 01CC 	; Exit: none
00071 01CC 	; Ram Used: Param78, FSR0
00072 01CC 	; Calls (1+0): GetSer485In
00073 01CC 	;
00074 01CC 0144 	RS485_Parse	movlb	Ser485_Buff_Bank
00075 01CD 08A0 		movf	RX485_ParseFlags,F
00076 01CE 		SKPNZ		;Receive in process?
00076 01CE 1903      M		BTFSC	STATUS,Z		BTFSC	STATUS,Z
00077 01CF 3207 		bra	RS485_Parse_Byte	; no
00078 01D0 	;
00079 01D0 0140 		movlb	0	;bank 0
00080 01D1 08B4 		movf	Timer2Lo,F
00081 01D2 		SKPZ		;Timed out?
00081 01D2 1D03      M		BTFSS	STATUS,Z		BTFSS	STATUS,Z
00082 01D3 3203 		bra	RS485_Parse_Byte	; no
00083 01D4 	;timed out
00084 01D4 15BF 		bsf	RS485RX_Timeout
00085 01D5 0144 		movlb	Ser485_Buff_Bank
00086 01D6 01A0 		clrf	RX485_ParseFlags
00087 01D7 	;
00088 01D7 2186 	RS485_Parse_Byte	CALL	GetSer485In
00089 01D8 1C78 		btfss	Param78,0	;Got a byte?
00090 01D9 0008 		return		; No
00091 01DA 	;
00092 01DA 00F8 		movwf	Param78	;Data Byte RXd
00093 01DB 3005 		movlw	RX485Timeout	;Reset time-out timer
00094 01DC 00B4 		movwf	Timer2Lo
00095 01DD 	; Command inturpreter
00096 01DD 		if UseRS485SyncBytes
00097 01DD 	;
00098 01DD 0144 		movlb	Ser485_Buff_Bank	;bank 4
00099 01DE 08A0 		movf	RX485_ParseFlags,F
00100 01DF 		SKPZ		;Beginning new packet?
00100 01DF 1D03      M		BTFSS	STATUS,Z		BTFSS	STATUS,Z
00101 01E0 3205 		bra	RS485_Parse_Sync2	; No
00102 01E1 	;
00103 01E1 30DD 		movlw	kRS485SyncByteValue
00104 01E2 0278 		subwf	Param78,W
00105 01E3 		SKPNZ		;Sync byte OK?
00105 01E3 1903      M		BTFSC	STATUS,Z		BTFSC	STATUS,Z
00106 01E4 1420 		bsf	RS485SyncByte1RXd	; Yes
00107 01E5 3216 		bra	RS485_Parse_Rtn
00108 01E6 	;
00109 01E6 18A0 	RS485_Parse_Sync2	btfsc	RS485SyncByte2RXd	;Second sync byte rec'd?
00110 01E7 3206 		bra	RS485_Parse_SALo	; Yes
00111 01E8 	;
00112 01E8 30DD 		movlw	kRS485SyncByteValue
00113 01E9 0278 		subwf	Param78,W
00114 01EA 		SKPZ		;Got the second sync byte?
00114 01EA 1D03      M		BTFSS	STATUS,Z		BTFSS	STATUS,Z
00115 01EB 2A3A 		goto	RS485_Parse_Error	; No, need 2
00116 01EC 14A0 		bsf	RS485SyncByte2RXd
00117 01ED 320E 		bra	RS485_Parse_Rtn
00118 01EE 	;
00119 01EE 		endif
00120 01EE 	;
00121 01EE 	;
00122 01EE 	; Source Address
00123 01EE 1920 	RS485_Parse_SALo	btfsc	RS485SourceAddrLoRXd	;Looking for the source address?
00124 01EF 320E 		bra	RS485_Parse_SALo_end	; No
00125 01F0 	;My data is echoed back
00126 01F0 0140 		movlb	0	;Bank 0
00127 01F1 0843 		movf	RS485_Address,W
00128 01F2 0144 		movlb	Ser485_Buff_Bank	;Bank 4
00129 01F3 15A1 		bsf	RX485SrcIsMe	;default to it being my message
00130 01F4 0278 		subwf	Param78,W
00131 01F5 		SKPZ		;RS485_Address=RXd byte?
00131 01F5 1D03      M		BTFSS	STATUS,Z		BTFSS	STATUS,Z
00132 01F6 11A1 		bcf	RX485SrcIsMe	; No, it's not for me.
00133 01F7 	;
00134 01F7 	; Save the source address
00135 01F7 01A2 		clrf	RX485_DataCount
00136 01F8 0878 		movf	Param78,W
00137 01F9 00A4 		movwf	RX485_SrcAdd	;Save the source address
00138 01FA 00A3 		movwf	RX485_CSUM	;Start a checksum
00139 01FB 1520 		bsf	RS485SourceAddrLoRXd
00140 01FC 	;
00141 01FC 0140 	RS485_Parse_Rtn	movlb	0	;bank 0
00142 01FD 0008 		return
00143 01FE 	RS485_Parse_SALo_end:
00144 01FE 	;
SMRRC_Output.asm                                                      Page: 18
/Users/davidflynn/Projects/SerialMRRC/Firmware/

00145 01FE 		if RP485_LongAddr
00164 01FE 		endif
00165 01FE 	;
00166 01FE 	; Destination Address
00167 01FE 1621 	RS485_Parse_DALo	bsf	RX485RXDataEquTXData
00168 01FF 1DA1 		btfss	RX485SrcIsMe
00169 0200 1221 		bcf	RX485RXDataEquTXData
00170 0201 	;
00171 0201 1A20 		btfsc	RS485DestAddrLoRXd	;Have a source address low byte?
00172 0202 320C 		bra	RS485_Parse_DALo_End	; Yes
00173 0203 	;
00174 0203 0140 		movlb	0	;Bank 0
00175 0204 0843 		movf	RS485_Address,W
00176 0205 0144 		movlb	Ser485_Buff_Bank	;Bank 4
00177 0206 1521 		bsf	RX485DstIsMe	;default to it being my message
00178 0207 0278 		subwf	Param78,W
00179 0208 		SKPZ		;RS485_Address=RXd byte?
00179 0208 1D03      M		BTFSS	STATUS,Z		BTFSS	STATUS,Z
00180 0209 1121 		bcf	RX485DstIsMe	; No, it's not for me.
00181 020A 	;
00182 020A 0878 		movf	Param78,W
00183 020B 00A5 		movwf	RX485_DstAdd	;Save RXd byte as dest addr
00184 020C 07A3 		addwf	RX485_CSUM,F
00185 020D 1620 		bsf	RS485DestAddrLoRXd
00186 020E 33ED 		bra	RS485_Parse_Rtn
00187 020F 	RS485_Parse_DALo_End:
00188 020F 	;
00189 020F 		if RP485_LongAddr
00208 020F 		endif
00209 020F 	;
00210 020F 	; Receive the data bytes, store them in RX485_TempData
00211 020F 1B20 	RS485_Parse_Data	btfsc	RS485AllDataRXd	;Got all data bytes?
00212 0210 320F 		bra	RS485_Parse_Data_end	; Yes
00213 0211 	;FSR0 is data ptr
00214 0211 0822 		movf	RX485_DataCount,W
00215 0212 3E26 		addlw	low RX485_TempData
00216 0213 0084 		movwf	FSR0L
00217 0214 3002 		movlw	high RX485_TempData
00218 0215 0085 		movwf	FSR0H
00219 0216 	;
00220 0216 0878 		movf	Param78,W
00221 0217 07A3 		addwf	RX485_CSUM,F	;Update ckecksum
00222 0218 0080 		movwf	INDF0	;Save the data byte
00223 0219 0AA2 		incf	RX485_DataCount,F
00224 021A 3004 		movlw	RP485_DataBytes
00225 021B 0222 		subwf	RX485_DataCount,W
00226 021C 		SKPZ		;All data bytes RX'd?
00226 021C 1D03      M		BTFSS	STATUS,Z		BTFSS	STATUS,Z
00227 021D 33DE 		bra	RS485_Parse_Rtn	; No
00228 021E 1720 		bsf	RS485AllDataRXd	; Yes
00229 021F 	;
00230 021F 		if UseRS485Chksum
00231 021F 33DC 		bra	RS485_Parse_Rtn	;Wait for a checksum
00232 0220 		endif
00233 0220 	RS485_Parse_Data_end:
00234 0220 	;
00235 0220 		if UseRS485Chksum
00236 0220 	; checksum
00237 0220 30FF 		movlw	0xFF
00238 0221 0623 		xorwf	RX485_CSUM,W
00239 0222 0278 		subwf	Param78,W
00240 0223 		SKPZ		;Checksum matches?
00240 0223 1D03      M		BTFSS	STATUS,Z		BTFSS	STATUS,Z
00241 0224 3215 		bra	RS485_Parse_Error	; No
00242 0225 	;
00243 0225 		endif
00244 0225 	;
00245 0225 	;Copy data from RX485_TempData to RX485_Data
00246 0225 	;
00247 0225 3026 		movlw	low RX485_TempData
00248 0226 0084 		movwf	FSR0L
00249 0227 3002 		movlw	high RX485_TempData
00250 0228 0085 		movwf	FSR0H
00251 0229 	;
00252 0229 302A 		movlw	low RX485_Data
00253 022A 0086 		movwf	FSR1L
00254 022B 3002 		movlw	high RX485_Data
00255 022C 0087 		movwf	FSR1H
00256 022D 	;
00257 022D 3004 		movlw	RP485_DataBytes
00258 022E 00F8 		movwf	Param78
00259 022F 0012 	RS485_Parse_L1	moviw	FSR0++
00260 0230 001E 		movwi	FSR1++
00261 0231 0BF8 		decfsz	Param78,F
00262 0232 33FC 		bra	RS485_Parse_L1
00263 0233 	;
00264 0233 14A1 		bsf	RX485DataIsNew	;good packet rx'd
00265 0234 1421 		bsf	RX485DataValidFlag
00266 0235 1D21 		btfss	RX485DstIsMe	;to me?
00267 0236 1021 		bcf	RX485DataValidFlag	; no
00268 0237 	;
00269 0237 01A0 		clrf	RX485_ParseFlags
00270 0238 0140 		movlb	0	;Bank 0
00271 0239 0008 		return
00272 023A 	;
00273 023A 	;
00274 023A 	; We didn't get the sync byte we were expecting so restart the parser
00275 023A 01A0 	RS485_Parse_Error	CLRF	RX485_ParseFlags
00276 023B 2997 		goto	Flush485InBuff
SMRRC_Output.asm                                                      Page: 19
/Users/davidflynn/Projects/SerialMRRC/Firmware/

00277 023C 	;
00278 023C 	;=========================================================================================
00279 023C 	; Clear the TX data, unused bytes are sent as 0x00
00280 023C 	; Entry: none
00281 023C 	; Exit: Bank 0
00282 023C 	; Ram used: Param78, FSR1
00283 023C 	; Calls: none
00284 023C 0144 	RS485_ClearTXData	movlb	Ser485_Buff_Bank	;bank 4
00285 023D 01AE 		clrf	TX485_SrcAdd
00286 023E 01AF 		clrf	TX485_DstAdd
00287 023F 	;
00288 023F 		if RP485_LongAddr
00291 023F 		endif
00292 023F 	;
00293 023F 3004 		movlw	RP485_DataBytes
00294 0240 00F8 		movwf	Param78
00295 0241 3030 		movlw	low TX485_Data
00296 0242 0086 		movwf	FSR1L
00297 0243 3002 		movlw	high TX485_Data
00298 0244 0087 		movwf	FSR1H
00299 0245 3000 		movlw	0x00
00300 0246 001E 	RS485_ClearTXData_L1	movwi	FSR1++
00301 0247 0BF8 		decfsz	Param78,F
00302 0248 33FD 		bra	RS485_ClearTXData_L1
00303 0249 	;
00304 0249 01B4 		clrf	TX485_Csum
00305 024A 0140 		movlb	0	;Bank 0
00306 024B 0008 		return
00307 024C 	;
00308 024C 	;=========================================================================================
00309 024C 	; Send a data packet
00310 024C 	;  from the TX485 buffer (TX485_SrcAdd,TX485_DstAdd,TX485_Data)
00311 024C 	;
00312 024C 	;Entry: TX_Data = Data to send 
00313 024C 	;Exit: TX_Data is cleared
00314 024C 	;Ram used: Param78,Param79,Param7A,FSR0,FSR1
00315 024C 	;Calls: (1+0) StoreSer485Out
00316 024C 	;
00317 024C 	RS485_Send:
00318 024C 	;
00319 024C 		if UseRS485SyncBytes
00320 024C 	;
00321 024C 30DD 		movlw	kRS485SyncByteValue
00322 024D 21A5 		call	StoreSer485Out
00323 024E 30DD 		movlw	kRS485SyncByteValue
00324 024F 21A5 		call	StoreSer485Out
00325 0250 	;
00326 0250 		endif
00327 0250 	;
00328 0250 01FA 		clrf	Param7A	;CSum=0
00329 0251 	; Source Address
00330 0251 0144 		movlb	Ser485_Buff_Bank	;bank 4
00331 0252 082E 		movf	TX485_SrcAdd,W	;source address is Me
00332 0253 07FA 		addwf	Param7A,F	;CSum=CSum + data
00333 0254 21A5 		call	StoreSer485Out
00334 0255 	;
00335 0255 		if RP485_LongAddr
00340 0255 		endif
00341 0255 	;
00342 0255 	; Destination Address
00343 0255 0144 		movlb	Ser485_Buff_Bank	;bank 4
00344 0256 082F 		movf	TX485_DstAdd,W	;destination address
00345 0257 07FA 		addwf	Param7A,F	;CSum=CSum + data
00346 0258 21A5 		call	StoreSer485Out
00347 0259 	;
00348 0259 		if RP485_LongAddr
00353 0259 		endif
00354 0259 	;
00355 0259 0144 		movlb	Ser485_Buff_Bank	;bank 4
00356 025A 3004 		movlw	RP485_DataBytes
00357 025B 00F9 		movwf	Param79
00358 025C 		mMOVLF	TX485_Data,FSR1L
00358 025C 3030      M		movlw	low TX485_Data	                       movlw                  low ADDRESS
00358 025D 0086      M		movwf	FSR1L	                       movwf                  DEST
00358 025E 3002      M		movlw	high TX485_Data	                       movlw                  high ADDRESS
00358 025F 0087      M		movwf	FSR1L+1	                       movwf                  DEST+1
00359 0260 	;
00360 0260 0016 	RS485_Send_L1	moviw	FSR1++
00361 0261 07FA 		addwf	Param7A,F	;CSum=CSum + data
00362 0262 21A5 		call	StoreSer485Out
00363 0263 0BF9 		decfsz	Param79,F
00364 0264 33FB 		bra	RS485_Send_L1
00365 0265 	;
00366 0265 		if UseRS485Chksum
00367 0265 30FF 		movlw	0xFF
00368 0266 067A 		xorwf	Param7A,W	;CSum
00369 0267 0144 		movlb	Ser485_Buff_Bank	;bank 4
00370 0268 00B4 		movwf	TX485_Csum	;Save ckecksum for later.
00371 0269 21A5 		call	StoreSer485Out
00372 026A 		endif
00373 026A 	;
00374 026A 0008 		return
00375 026B 	;
00376 026B 		if useRS232
00424 026B 		endif
00425 026B 	;=========================================================================================
00426 026B 	; Setup serial I/O on RB7/TX1, RB5/RX1, RB4/nRE, RB6/DE
00427 026B 	;
00428 026B 	;Note:using dfault values
SMRRC_Output.asm                                                      Page: 20
/Users/davidflynn/Projects/SerialMRRC/Firmware/

00429 026B 	; Configure pins
00430 026B 017D 	RS485_Init	movlb	RX1DTPPS	;bank 29
00431 026C 300D 		movlw	0x0D	;RB5, default
00432 026D 00CB 		movwf	RX1DTPPS
00433 026E 300F 		movlw	0x0F	;RB7, default
00434 026F 00CC 		movwf	TX1CKPPS
00435 0270 	;
00436 0270 017E 		movlb	RB7PPS                 ;bank 30, Output pin routing
00437 0271 300F 		movlw	0x0F	;TX1/CK1  signal
00438 0272 009F 		movwf	RB7PPS
00439 0273 	; Set baud rate
00440 0273 0142 		movlb	BAUD1CON	;bank 2
00441 0274 3008 		movlw	BAUD1CON_Value
00442 0275 009F 		movwf	BAUD1CON
00443 0276 30CF 		MOVLW	low RS485BaudRate
00444 0277 009B 		MOVWF	SP1BRGL
00445 0278 3000 		MOVLW	high RS485BaudRate
00446 0279 009C 		MOVWF	SP1BRGH
00447 027A 	;
00448 027A 179D 		bsf	RC1STA,RC1STA_SPEN	;Enable Serial port
00449 027B 161D 		bsf	RC1STA,RC1STA_CREN	;Continuous Receive
00450 027C 	;
00451 027C 121E 		bcf	TX1STA,TX1STA_SYNC	;Asynchronous
00452 027D 151E 		bsf	TX1STA,TX1STA_BRGH	;High Speed
00453 027E 129E 		bcf	TX1STA,TX1STA_TXEN	;Transmitter Off
00454 027F 	;
00455 027F 	; Enable Receive
00456 027F 0140 		movlb	0
00457 0280 1319 		bcf	RS485DE	;DriverEnable=0
00458 0281 1219 		bcf	RS485nRE	;nRecieverEnable=0
00459 0282 103F 		bcf	RS485TXActive
00460 0283 	;
00461 0283 	;
00462 0283 014E 		movlb	PIE3	; bank 14
00463 0284 1699 		BSF	PIE3,RC1IE	; Serial Receive interupt
00464 0285 0140 		movlb	0
00465 0286 153F 		bsf	RS485DataSentFlag
00466 0287 0008 		return;
00467 0288 	;
00468 0288 	;=========================================================================================
00469 0288 	;
00470 0288 	;
00471 0288 	;
00472 0288 	;
00473 0288 	;
00474 0288 	;
00475 0288 	;
00476 0288 	;
00477 0288 	;
00478 0288 	;
00479 0288 	;
00480 0288 	;
00481 0288 	;
00482 0288 	;
00483 0288 	;
00484 0288 	;
00485 0288 	;
00486 0288 	;
00487 0288 	;
00488 0288 	;
00489 0288 	;
00490 0288 	;
00491 0288 	;
00492 0288 	;
00689 0288 		endif
00690 0288 	;
00691 0288 		if useRS232PacketCmds
00694 0288 		endif
00695 0288 	;
00696 0288 		if useRS485PacketCmds
00697 0288 		org	0x0800
00698 0800 		include	RS485_OutputDC_Cmds.inc
00001 0800 	;=========================================================================================
00002 0800 	; 
00003 0800 	;   Filename:      RS485_OutputDC_Cmds.inc
00004 0800 	;   created:       7/25/2026
00005 0800 	;   File Version:  1.0.0   7/25/2026
00006 0800 	;
00007 0800 	;   Author: David M. Flynn
00008 0800 	;   Company: DMF-Enterprises
00009 0800 	;   E-Mail: dflynn.oxfordvue@gmail.com
00010 0800 	;   License: MIT License
00011 0800 	;
00012 0800 	;=========================================================================================
00013 0800 	; Notes:
00014 0800 	;  Command interpreter for Serial Model Railroad Control RS-485 Packet Serial.
00015 0800 	;  Output Daughter Board version
00016 0800 	;
00017 0800 	; History
00018 0800 	; 1.0.0   7/25/2026	Copied from PacketSerialCmds.inc
00019 0800 	;=========================================================================================
00020 0800 	;
00021 0800 0081 	kCmd_SetMode	EQU	0x81	;+1 data (SysMode), return ACK
00022 0800 0001 	kCmd_GetMode	EQU	0x01
00023 0800 	;
00024 0800 00B4 	kCmd_SetOutputs	EQU	0xB4	;+1 data (the 8 output bits)
00025 0800 0024 	kCmd_GetOutputs	EQU	0x24	;(the 8 output bits)
00026 0800 00B5 	kCmd_SetOutput	EQU	0xB5	;+2 data (Output Number, Bit Value)
00027 0800 0025 	kCmd_GetOutput	EQU	0x25	;+1 data (Output Number, Bit Value)
SMRRC_Output.asm                                                      Page: 21
/Users/davidflynn/Projects/SerialMRRC/Firmware/

00028 0800 	;
00029 0800 00B2 	kCmd_SetAuxConfig	EQU	0xB2	;+2 data (AuxNum,Value), return ACK
00030 0800 0022 	kCmd_GetAuxConfig	EQU	0x22	;+1 data (AuxNum)
00031 0800 00B3 	kCmd_SetAuxNValue	EQU	0xB3	;+2 data (AuxNum,Value), return ACK
00032 0800 0023 	kCmd_GetAuxNValue	EQU	0x23	;(AuxN,ValueL,ValueH)
00033 0800 	;
00034 0800 0093 	kCmd_ReBoot	EQU	0x93	;ReBoot the controller
00035 0800 0094 	kCmd_SaveParams	EQU	0x94	;Save all eeprom params, return ACK
00036 0800 0095 	kCmd_RestoreParams	EQU	0x95	;Copy to ram, return ACK
00037 0800 0098 	kCmd_GetStatus	EQU	0x98	;return ssStatus
00038 0800 0099 	kCmd_RunBootloader	EQU	0x99	;Set EEPROM (0xFF) = 0xFF and reboot
00039 0800 	;
00040 0800 	; these commands save params and return a 0,0,0,0 packet with the new address
00041 0800 00A2 	kCmd_SetSlaveAddr	EQU	0xA2	;+1 data, return a zero packet
00042 0800 	;
00043 0800 	;Special packet (0xDD, 0xDD, 0x01, 0x02, 0xAA, 0x00, 0x00, 0x00, checksum)
00044 0800 00AA 	kCmd_SendIDString	EQU	0xAA	; returns "DMFE SMRRC Node\n"
00045 0800 	;
00046 0800 	;=========================================================================================
00047 0800 	;
00048 0800 	RS485_Send_S0:
00049 0800 	;Set Source and Destination addresses
00050 0800 0140 		movlb	0	;Bank 0
00051 0801 0843 		movf	RS485_Address,W	;Source is Me
00052 0802 0144 		movlb	Ser485_Buff_Bank	;Bank 4
00053 0803 00AE 		movwf	TX485_SrcAdd
00054 0804 		if RP485_LongAddr
00059 0804 		endif
00060 0804 	;Return to sender
00061 0804 0824 		movf	RX485_SrcAdd,W	;TX Dest is RX source
00062 0805 00AF 		movwf	TX485_DstAdd
00063 0806 		if RP485_LongAddr
00066 0806 		endif
00067 0806 	;
00068 0806 		mLongCall	RS485_Send
00068 0806 3182      M		movlp	RS485_Send	                       movlp                  Destination
00068 0807 224C      M		call	RS485_Send	                       call                   Destination
00068 0808 3188      M		movlp	$	                       movlp                  $
00069 0809 0008 		return
00070 080A 	;
00071 080A 	;=========================================================================================
00072 080A 	; Entry: RXDataIsNew=1, data in RX_Data
00073 080A 	;
00074 080A 0144 	HandleRX485Data	movlb	RX485_Flags	;bank 4
00075 080B 10A1 		bcf	RX485DataIsNew
00076 080C 1821 		btfsc	RX485DataValidFlag	;Destination is me?
00077 080D 3202 		bra	HandleRX485Data_1	; Yes
00078 080E 	;
00079 080E 0140 	HandleRX485Data_Rtn	movlb	0	;bank 0
00080 080F 0008 		return		; no, ignore this packet
00081 0810 	;
00082 0810 	; Data is to Me, handle it.
00083 0810 	HandleRX485Data_1:
00084 0810 	;
00085 0810 	; Setup indirect pointers
00086 0810 0140 		movlb	0	;bank 0
00087 0811 		mMOVLF	RX485_Data,FSR1
00087 0811 302A      M		movlw	low RX485_Data	                       movlw                  low ADDRESS
00087 0812 0086      M		movwf	FSR1	                       movwf                  DEST
00087 0813 3002      M		movlw	high RX485_Data	                       movlw                  high ADDRESS
00087 0814 0087      M		movwf	FSR1+1	                       movwf                  DEST+1
00088 0815 		mMOVLF	TX485_Data,FSR0
00088 0815 3030      M		movlw	low TX485_Data	                       movlw                  low ADDRESS
00088 0816 0084      M		movwf	FSR0	                       movwf                  DEST
00088 0817 3002      M		movlw	high TX485_Data	                       movlw                  high ADDRESS
00088 0818 0085      M		movwf	FSR0+1	                       movwf                  DEST+1
00089 0819 	;RS485Dispatcher
00090 0819 0016 		moviw	FSR1++	;Command
00091 081A 00F8 		movwf	Param78	;aka RX_Data
00092 081B 39F0 		andlw                  0xF0
00093 081C 		SKPZ		;0x0X?
00093 081C 1D03      M		BTFSS	STATUS,Z		BTFSS	STATUS,Z
00094 081D 3213 		bra                    RS485_Dispatcher_1	; No
00095 081E 0878 		movf                   Param78,W
00096 081F 390F 		andlw                  0x0F
00097 0820 	;Jump table for 0x00 to 0x0F
00098 0820 000B 		brw
00099 0821 0008 		return                                        ;0x00 not used
00100 0822 327B 		bra                    RS485Cmd_GetMode
00101 0823 0008 		return
00102 0824 0008 		return
00103 0825 0008 		return
00104 0826 0008 		return
00105 0827 0008 		return
00106 0828 0008 		return
00107 0829 0008 		return
00108 082A 0008 		return
00109 082B 0008 		return
00110 082C 0008 		return
00111 082D 0008 		return
00112 082E 0008 		return
00113 082F 0008 		return
00114 0830 0008 		return
00115 0831 	;
00116 0831 3C80 	RS485_Dispatcher_1     sublw                  0x80
00117 0832 	                       SKPZ		;Command=0x8X?
00117 0832 1D03      M		BTFSS	STATUS,Z		BTFSS	STATUS,Z
00118 0833 3213 	                       bra                    RS485Dispatcher_2	; No
00119 0834 0878 	                       movf                   Param78,W
SMRRC_Output.asm                                                      Page: 22
/Users/davidflynn/Projects/SerialMRRC/Firmware/

00120 0835 390F 		andlw                  0x0F
00121 0836 	;Jump table for 0x80 to 0x8F
00122 0836 000B 	                       brw
00123 0837 0008 	                       return                                        ;0x80 not used
00124 0838 325E 	                       bra                    RS485Cmd_SetMode            ;kCmd_SetMode
00125 0839 0008 	                       return
00126 083A 0008 	                       return
00127 083B 0008 	                       return
00128 083C 0008 	                       return
00129 083D 28A1 	                       goto	RS485Cmd_SetOutputs	;kCmd_SetOutputs
00130 083E 28A4 	                       goto	RS485Cmd_SetOutput	;kCmd_SetOutput
00131 083F 0008 	                       return
00132 0840 0008 	                       return
00133 0841 0008 	                       return
00134 0842 0008 	                       return
00135 0843 0008 	                       return
00136 0844 0008 	                       return
00137 0845 0008 	                       return		;0x8E
00138 0846 0008 	                       return
00139 0847 	;
00140 0847 	;Jump table for 0x20 to 0x2F
00141 0847 0878 	RS485Dispatcher_2      movf                   Param78,W
00142 0848 39F0 	                       andlw                  0xF0
00143 0849 3C20 	                       sublw                  0x20
00144 084A 	                       SKPZ		;Command=0x2X?
00144 084A 1D03      M		BTFSS	STATUS,Z		BTFSS	STATUS,Z
00145 084B 320B 	                       bra                    RS485Dispatcher_3	; No
00146 084C 300F 	                       movlw                  0x0F
00147 084D 0578 	                       andwf                  Param78,W
00148 084E 000B 	                       brw
00149 084F 0008 	                       return
00150 0850 0008 	                       return
00151 0851 0008 	                       return
00152 0852 0008 	                       return
00153 0853 28B9 	                       goto	RS485Cmd_GetOutputs	;kCmd_GetOutputs
00154 0854 28BD 	                       goto	RS485Cmd_GetOutput	;kCmd_GetOutput
00155 0855 0008 	                       return
00156 0856 0008 	                       return
00157 0857 	;
00158 0857 	;Jump table for 0xB0 to 0xBF
00159 0857 0878 	RS485Dispatcher_3      movf                   Param78,W
00160 0858 39F0 	                       andlw                  0xF0
00161 0859 3CB0 	                       sublw                  0xB0
00162 085A 	                       SKPZ		;Command=0xBX?
00162 085A 1D03      M		BTFSS	STATUS,Z		BTFSS	STATUS,Z
00163 085B 320B 	                       bra                    RS485Dispatcher_4	; No
00164 085C 300F 	                       movlw                  0x0F
00165 085D 0578 	                       andwf                  Param78,W
00166 085E 000B 	                       brw
00167 085F 0008 	                       return
00168 0860 0008 	                       return
00169 0861 0008 		return
00170 0862 0008 	                       return
00171 0863 0008 	                       return
00172 0864 0008 	                       return
00173 0865 0008 	                       return
00174 0866 0008 	                       return
00175 0867 	;
00176 0867 	;Jump table for 0x90 to 0x9F
00177 0867 0878 	RS485Dispatcher_4      movf                   Param78,W
00178 0868 39F0 	                       andlw                  0xF0
00179 0869 3C90 	                       sublw                  0x90
00180 086A 	                       SKPZ		;Command=0x9X?
00180 086A 1D03      M		BTFSS	STATUS,Z		BTFSS	STATUS,Z
00181 086B 3213 	                       bra                    RS485Dispatcher_5	; No
00182 086C 300F 	                       movlw                  0x0F
00183 086D 0578 	                       andwf                  Param78,W
00184 086E 000B 	                       brw
00185 086F 0008 	                       return                                        ;0x90 not used
00186 0870 0008 	                       return
00187 0871 0008 	                       return
00188 0872 0001 	                       reset                                         ;kCmd_ReBoot
00189 0873 28CF 	                       goto                   RS485Cmd_SaveParams
00190 0874 28D3 	                       goto                   RS485Cmd_RestoreParams
00191 0875 0008 	                       return
00192 0876 0008 	                       return		;0x97
00193 0877 28D7 	                       goto                   RS485Cmd_GetStatus
00194 0878 0008 	                       return                   	;RS485Cmd_RunBootloader
00195 0879 0008 	                       return		;0x9A
00196 087A 0008 	                       return
00197 087B 0008 	                       return
00198 087C 0008 	                       return
00199 087D 0008 	                       return
00200 087E 0008 	                       return
00201 087F 	;
00202 087F 	;Jump table for 0xA0 to 0xAF
00203 087F 0878 	RS485Dispatcher_5      movf                   Param78,W
00204 0880 39F0 	                       andlw                  0xF0
00205 0881 3CA0 	                       sublw                  0xA0
00206 0882 	                       SKPZ		;Command=0xAX?
00206 0882 1D03      M		BTFSS	STATUS,Z		BTFSS	STATUS,Z
00207 0883 3203 	                       bra                    RS485Dispatcher_6	; No
00208 0884 300F 	                       movlw                  0x0F
00209 0885 0578 	                       andwf                  Param78,W
00210 0886 000B 	                       brw
00211 0887 0008 	RS485Dispatcher_6      return                                        ;0xA0 not used
00212 0888 0008 	                       return		;RS485Cmd_SetMasterAddr
00213 0889 28E2 	                       goto                   RS485Cmd_SetAddr
00214 088A 0008 	                       return
SMRRC_Output.asm                                                      Page: 23
/Users/davidflynn/Projects/SerialMRRC/Firmware/

00215 088B 0008 	                       return
00216 088C 0008 	                       return
00217 088D 0008 	                       return
00218 088E 0008 	                       return
00219 088F 0008 	                       return
00220 0890 0008 	                       return
00221 0891 0008 	                       return		; RS485Cmd_SendIDString       ;0xAA
00222 0892 0008 	                       return
00223 0893 0008 	                       return
00224 0894 0008 	                       return
00225 0895 0008 	                       return
00226 0896 0008 	                       return
00227 0897 	;
00228 0897 	;---kCmd_SetMode----------------
00229 0897 3004 	RS485Cmd_SetMode	movlw	kMaxMode+1
00230 0898 0201 		subwf	INDF1,W
00231 0899 		SKPB		;kMaxMode+1>Data
00231 0899 1803      M		BTFSC	STATUS,C		BTFSC	STATUS,C
00232 089A 3373 		bra	HandleRX485Data_Rtn
00233 089B 	;
00234 089B 0016 		moviw	FSR1++
00235 089C 00C0 		movwf	SysMode
00236 089D 0008 		return
00237 089E 	;
00238 089E 	;---kCmd_GetMode------------------
00239 089E 0840 	RS485Cmd_GetMode	movf	SysMode,W
00240 089F 001A 		movwi	FSR0++
00241 08A0 2800 		goto	RS485_Send_S0
00242 08A1 	;
00243 08A1 	;---kCmd_SetOutputs---------------
00244 08A1 0801 	RS485Cmd_SetOutputs	movf	INDF1,W
00245 08A2 009A 		movwf	LATC
00246 08A3 0008 		return
00247 08A4 	;
00248 08A4 	;---kCmd_SetOutput-----------------
00249 08A4 0016 	RS485Cmd_SetOutput	moviw	FSR1++	;Bit #, 0..7
00250 08A5 3907 		andlw	0x07
00251 08A6 00F9 		movwf	Param79
00252 08A7 0016 		moviw	FSR1++	;Value 0 or 1
00253 08A8 3901 		andlw	0x01
00254 08A9 00FA 		movwf	Param7A
00255 08AA 3001 		movlw	0x01
00256 08AB 08F9 	RS485Cmd_SetOutput_L1	movf	Param79,F
00257 08AC 		SKPNZ
00257 08AC 1903      M		BTFSC	STATUS,Z		BTFSC	STATUS,Z
00258 08AD 3203 		bra	RS485Cmd_SetOutput_1
00259 08AE 3589 		lslf	WREG,F
00260 08AF 03F9 		decf	Param79,F
00261 08B0 33FA 		bra	RS485Cmd_SetOutput_L1
00262 08B1 	;
00263 08B1 0140 	RS485Cmd_SetOutput_1	movlb	0	;Bank 0
00264 08B2 1C7A 		btfss	Param7A,0	;Setting the bit?
00265 08B3 3202 		bra	RS485Cmd_SetOutput_2	; No
00266 08B4 049A 		iorwf	LATC,F
00267 08B5 0008 		return
00268 08B6 	;
00269 08B6 3AFF 	RS485Cmd_SetOutput_2	xorlw	0xFF	;invert the bits
00270 08B7 059A 		andwf	LATC,F
00271 08B8 0008 		return
00272 08B9 	;
00273 08B9 	;---kCmd_GetOutputs----------------
00274 08B9 0140 	RS485Cmd_GetOutputs	movlb	0	;Bank 0
00275 08BA 081A 		movf	LATC,W
00276 08BB 001A 		movwi	FSR0++
00277 08BC 2800 		goto	RS485_Send_S0
00278 08BD 	;
00279 08BD 	;---kCmd_GetOutput-----------------
00280 08BD 0016 	RS485Cmd_GetOutput	moviw	FSR1++	;Bit #, 0..7
00281 08BE 3907 		andlw	0x07
00282 08BF 00F9 		movwf	Param79
00283 08C0 01FA 		clrf	Param7A
00284 08C1 3001 		movlw	0x01
00285 08C2 08F9 	RS485Cmd_GetOutput_L1	movf	Param79,F
00286 08C3 		SKPNZ
00286 08C3 1903      M		BTFSC	STATUS,Z		BTFSC	STATUS,Z
00287 08C4 3203 		bra	RS485Cmd_GetOutput_1
00288 08C5 3589 		lslf	WREG,F
00289 08C6 03F9 		decf	Param79,F
00290 08C7 33FA 		bra	RS485Cmd_GetOutput_L1	
00291 08C8 	;
00292 08C8 0140 	RS485Cmd_GetOutput_1	movlb	0	;Bank 0
00293 08C9 051A 		andwf	LATC,W
00294 08CA 		SKPZ
00294 08CA 1D03      M		BTFSS	STATUS,Z		BTFSS	STATUS,Z
00295 08CB 147A 		bsf	Param7A,0
00296 08CC 087A 		movf	Param7A,W
00297 08CD 001A 		movwi	FSR0++
00298 08CE 2800 		goto	RS485_Send_S0
00299 08CF 	;
00300 08CF 	;---kCmd_SaveParams-----------------
00301 08CF 	RS485Cmd_SaveParams	mLongCall	SaveParams
00301 08CF 3180      M		movlp	SaveParams	                       movlp                  Destination
00301 08D0 2065      M		call	SaveParams	                       call                   Destination
00301 08D1 3188      M		movlp	$	                       movlp                  $
00302 08D2 0008 		return
00303 08D3 	;
00304 08D3 	;---kCmd_RestoreParams--------------
00305 08D3 	RS485Cmd_RestoreParams	mLongCall	CopyToRam
00305 08D3 3180      M		movlp	CopyToRam	                       movlp                  Destination
SMRRC_Output.asm                                                      Page: 24
/Users/davidflynn/Projects/SerialMRRC/Firmware/

00305 08D4 2058      M		call	CopyToRam	                       call                   Destination
00305 08D5 3188      M		movlp	$	                       movlp                  $
00306 08D6 0008 		return
00307 08D7 	;
00308 08D7 	;
00309 08D7 	;---kCmd_GetStatus----------------
00310 08D7 082A 	RS485Cmd_GetStatus	movf	ssStatus,W
00311 08D8 001A 		movwi	FSR0++
00312 08D9 082B 		movf	ssStatus+1,W
00313 08DA 001A 		movwi	FSR0++
00314 08DB 082C 		movf	ssStatus+2,W
00315 08DC 001A 		movwi	FSR0++
00316 08DD 082C 		movf	ssStatus+2,W
00317 08DE 001A 		movwi	FSR0++
00318 08DF 	;reset flags
00319 08DF 11BC 		bcf	ssRX_Timeout
00320 08E0 	;
00321 08E0 01AB 		clrf	ssStatus+1
00322 08E1 	;	
00323 08E1 2800 		goto	RS485_Send_S0
00324 08E2 	;
00325 08E2 	;
00326 08E2 	;---kCmd_SetSlaveAddr-------------
00327 08E2 0016 	RS485Cmd_SetAddr	moviw	FSR1++
00328 08E3 00C3 		movwf	RS485_Address
00329 08E4 	;
00330 08E4 		if RP485_LongAddr
00333 08E4 		endif
00334 08E4 	;
00335 08E4 		mLongCall	SaveParams
00335 08E4 3180      M		movlp	SaveParams	                       movlp                  Destination
00335 08E5 2065      M		call	SaveParams	                       call                   Destination
00335 08E6 3188      M		movlp	$	                       movlp                  $
00336 08E7 2800 		goto	RS485_Send_S0
00337 08E8 	;
00338 08E8 	;
00339 08E8 	;=========================================================================================
00340 08E8 	;=========================================================================================
00699 08E8 		endif
00700 08E8 	;
00701 08E8 		if useBootloader
00704 08E8 		endif
00705 08E8 	;
00706 08E8 		END

X-Ref Table
ANSELA	1F38 	InitializeIO
ANSELB	1F43 	InitializeIO
ANSELC	1F4E 	InitializeIO
BAUD1CON	011F 	RS485_Init
BAUD1CON_Value	0008 	RS485_Init
C	0000 	RS485Cmd_SetMode
ClearRam ^	002E 	InitializeIO
ClearRam_2 ^	004A 	ClearRam
ClearRam_L2 ^	0053 	ClearRam, ClearRam_2, ClearRam_L2
CopyToRam ^	0058 	InitializeIO, RS485Cmd_RestoreParams
CopyToRam_L1 ^	005D 	CopyToRam_L1
DecTimer ^	007A 	DecTimer4, DecTimer3, DecTimer2
DecTimer1 ^	0079 	
DecTimer2 ^	0077 	
DecTimer3 ^	0075 	
DecTimer4 ^	0073 	
DelayWuS ^	009C 	DecTimer
DelayWuS_Loop ^	009D 	DelayWuS_Loop
DoModeOne ^	00E5 	MainLoop
DoModeThree ^	00E7 	MainLoop
DoModeTwo ^	00E6 	MainLoop
DoModeZero ^	00E4 	MainLoop
EEAddrTemp	0030 	CopyToRam, CopyToRam_L1, SaveParams, SaveParams_L1, DelayWuS_Loop
		EERead, EEWrite
EEDataTemp	0031 	SaveParams_L1, EEWrite
EERead ^	00A3 	CopyToRam_L1
EEWrite ^	00AD 	SaveParams_L1
EEWriteLoop ^	00C3 	EEWriteLoop
EEWrite_L1 ^	00BA 	EEWrite_L1
F	0001 	, SystemBlink_end, LED1Blink_end, ClearRam, ClearRam_L2, CopyToRam_L1, SaveParams_L1
		DecTimer, DelayWuS_Loop, RS485ActivateTX, StoreSer485In, GetSer485In, StoreSer485Out
		GetSer485Out, RS485_Parse, RS485_Parse_Byte, RS485_Parse_SALo_end, RS485_Parse_DALo_End
		RS485_Parse_L1, RS485_ClearTXData_L1, RS485_Send, RS485_Send_L1, RS485Cmd_SetOutput_L1
		RS485Cmd_SetOutput_1, RS485Cmd_SetOutput_2, RS485Cmd_GetOutput_L1
FSR0	0004 	HandleRX485Data_1
FSR0H	0005 	ClearRam, SaveParams, DecTimer, EERead, StoreSer485In, GetSer485In, StoreSer485Out
		GetSer485Out, RS485_Parse_DALo_End, RS485_Parse_Data_end
FSR0L	0004 	ClearRam, ClearRam_2, ClearRam_L2, SaveParams, SaveParams_L1, DecTimer
		EERead, StoreSer485In, GetSer485In, StoreSer485Out, GetSer485Out, RS485_Parse_DALo_End
		RS485_Parse_Data_end
FSR1	0006 	HandleRX485Data_1
FSR1H	0007 	CopyToRam, RS485_Parse_Data_end, RS485_Parse_Error
FSR1L	0006 	CopyToRam, CopyToRam_L1, RS485_Parse_Data_end, RS485_Parse_Error, RS485_Send
FirstRAMParam	SysMode	CopyToRam, SaveParams
Flush485InBuff ^	0197 	RS485_Parse_Error
GIE	0007 	EEWrite_L1, EEWriteLoop, InitializeIO
GetSer485In ^	0186 	RS485_Parse_Byte
GetSer485InBytes ^	019D 	ModeReturn
GetSer485In_End ^	0195 	GetSer485In
GetSer485Out ^	01BB 	TX_The485Byte
GetSer485Out_End ^	01CA 	GetSer485Out
HandleRX485Data ^	080A 	ModeReturn
HandleRX485Data_1 ^	0810 	HandleRX485Data
SMRRC_Output.asm   X-Ref Table                                           Page: 25
/Users/davidflynn/Projects/SerialMRRC/Firmware/

HandleRX485Data_Rtn ^	080E 	RS485Cmd_SetMode
INDF0	0000 	ClearRam_L2, DecTimer, EERead, StoreSer485In, GetSer485In, StoreSer485Out
		GetSer485Out, RS485_Parse_DALo_End
INDF1	0001 	RS485Cmd_SetMode, RS485Cmd_SetOutputs
INLVLA	1F3C 	InitializeIO
INLVLC	1F52 	InitializeIO
INTCON	000B 	EEWrite_L1, EEWriteLoop, InitializeIO
IRQ_RS_485_End ^	002D 	LED2Blink_end
InitializeIO ^	00E8 	start
LATA	0018 	InitializeIO
LATB	0019 	InitializeIO, RS485DeactivateTX, RS485ActivateTX, RS485_Init
LATC	001A 	InitializeIO, RS485Cmd_SetOutputs, RS485Cmd_SetOutput_1, RS485Cmd_SetOutput_2
		RS485Cmd_GetOutputs, RS485Cmd_GetOutput_1
LED1Blink_end ^	0020 	SystemBlink_end
LED1_Active	SysFlags1,4	SystemBlink_end, RS485ActivateTX
LED1_Bit	0004 	, SystemBlink_end
LED1_Count	0028 	SystemBlink_end
LED1_TRIS	TRISA,LED1_Bit	, SystemBlink_end
LED2Blink_end ^	0029 	LED1Blink_end
LED2_Active	SysFlags1,7	LED1Blink_end, RS485DeactivateTX, RS485DeactivateTX_End, RS485ActivateTX
LED2_Bit	0005 	, LED1Blink_end
LED2_Count	0029 	LED1Blink_end
LED2_TRIS	TRISA,LED2_Bit	, LED1Blink_end
LEDTIME	0064 	InitializeIO
LastRAMParam	SysFlags	CopyToRam_L1, SaveParams_L1
ML_Ser485_End ^	00E3 	RS485ML_1
MainLoop ^	00CA 	ML_Ser485_End
ModeReturn ^	00D3 	DoModeZero, DoModeOne, DoModeTwo, DoModeThree
NVMADRH	081B 	EEWrite
NVMADRL	081A 	EEWrite
NVMCON1	081E 	EEWrite, EEWrite_L1, EEWriteLoop
NVMCON1_NVMREGS	0006 	EEWrite
NVMCON1_WR	0001 	EEWrite_L1, EEWriteLoop
NVMCON1_WREN	0002 	EEWrite_L1, EEWriteLoop
NVMCON2	081F 	EEWrite_L1
NVMDATH	081D 	EEWrite
NVMDATL	081C 	EEWrite
PCLATH	000A 	
PEIE	0006 	InitializeIO
PIE0	0716 	InitializeIO
PIE3	0719 	RS485_Init
PIR0	070C 	
PIR3	070F 	LED2Blink_end, RS485DeactivateTX, TX_The485Byte_1
POP_Ser485Out_End ^	01B9 	StoreSer485Out
PORTA	000C 	SystemBlink_end, LED1Blink_end
Param77	0077 	DelayWuS, DelayWuS_Loop
Param78	0078 	TX_The485Byte, StoreSer485In, GetSer485In, StoreSer485Out, GetSer485Out
		RS485_Parse_Byte, RS485_Parse_Sync2, RS485_Parse_SALo, RS485_Parse_SALo_end, RS485_Parse_DALo_End
		RS485_Parse_Data_end, RS485_Parse_L1, RS485_Parse_Error, RS485_ClearTXData_L1, HandleRX485Data_1
		RS485_Dispatcher_1, RS485Dispatcher_2, RS485Dispatcher_3, RS485Dispatcher_4, RS485Dispatcher_5
Param79	0079 	RS485_Send, RS485_Send_L1, RS485Cmd_SetOutput, RS485Cmd_SetOutput_L1
		RS485Cmd_GetOutput, RS485Cmd_GetOutput_L1
Param7A	007A 	RS485_Send, RS485_Send_L1, RS485Cmd_SetOutput, RS485Cmd_SetOutput_1
		RS485Cmd_GetOutput, RS485Cmd_GetOutput_1
Param7F	007F 	ClearRam, ClearRam_2, ClearRam_L2
PortA_ANSel_Value	0000 	InitializeIO
PortA_Init_Value	0000 	InitializeIO
PortA_Tris_Bits	00FF 	InitializeIO
PortB_ANSel_Value	0000 	InitializeIO
PortB_Init_Value	0000 	InitializeIO
PortB_Tris_Bits	00AF 	InitializeIO
PortC_ANSel_Value	0000 	InitializeIO
PortC_Init_Value	0000 	InitializeIO
PortC_Tris_Bits	0000 	InitializeIO
RB7PPS	1F1F 	RS485_Init
RC1IE	0005 	RS485_Init
RC1IF	0005 	LED2Blink_end
RC1REG	0119 	RX_The485Byte, RX_The485Byte_Err
RC1STA	011D 	RX_The485Byte, RX_The485Byte_Err, RS485_Init
RC1STA_CREN	0004 	RX_The485Byte_Err, RS485_Init
RC1STA_FERR	0002 	RX_The485Byte_Err
RC1STA_OERR	0001 	RX_The485Byte_Err
RC1STA_SPEN	0007 	RS485_Init
RP485_DataBytes	0004 	RS485_Parse, RS485_Parse_DALo_End, RS485_Parse_Data_end, RS485_Parse_Error
		RS485_Send
RP485_LongAddr	0000 	RS485_Parse_SALo_end, RS485_Parse_DALo_End, RS485_Parse_Error
		RS485_Send, RS485_Send_S0, RS485Cmd_SetAddr
RS485ActivateTX ^	0136 	TX_The485Byte_1
RS485ActivateTX_End ^	0148 	RS485ActivateTX
RS485AllDataRXd	RX485_ParseFlags,6	RS485_Parse_DALo_End
RS485BaudRate	00CF 	RS485_Init
RS485Cmd_GetMode ^	089E 	HandleRX485Data_1
RS485Cmd_GetOutput ^	08BD 	RS485Dispatcher_2
RS485Cmd_GetOutput_1 ^	08C8 	RS485Cmd_GetOutput_L1
RS485Cmd_GetOutput_L1 ^	08C2 	RS485Cmd_GetOutput_L1
RS485Cmd_GetOutputs ^	08B9 	RS485Dispatcher_2
RS485Cmd_GetStatus ^	08D7 	RS485Dispatcher_4
RS485Cmd_RestoreParams ^	08D3 	RS485Dispatcher_4
RS485Cmd_SaveParams ^	08CF 	RS485Dispatcher_4
RS485Cmd_SetAddr ^	08E2 	RS485Dispatcher_6
RS485Cmd_SetMode ^	0897 	RS485_Dispatcher_1
RS485Cmd_SetOutput ^	08A4 	RS485_Dispatcher_1
RS485Cmd_SetOutput_1 ^	08B1 	RS485Cmd_SetOutput_L1
RS485Cmd_SetOutput_2 ^	08B6 	RS485Cmd_SetOutput_1
RS485Cmd_SetOutput_L1 ^	08AB 	RS485Cmd_SetOutput_L1
RS485Cmd_SetOutputs ^	08A1 	RS485_Dispatcher_1
RS485DE	LATB,6	RS485DeactivateTX, RS485ActivateTX, RS485_Init
RS485DataReceivedFlag	Ser485Flags,1	RS485ML_1, RS485ActivateTX, RX_The485Byte
RS485DataSentFlag	Ser485Flags,2	RS485DeactivateTX, TX_The485Byte, TX_The485Byte_1
SMRRC_Output.asm   X-Ref Table                                           Page: 26
/Users/davidflynn/Projects/SerialMRRC/Firmware/

		RS485_Init
RS485DeactivateTX ^	0121 	TX_The485Byte_NoData
RS485DeactivateTX_End ^	0133 	RS485DeactivateTX
RS485DestAddrLoRXd	RX485_ParseFlags,4	RS485_Parse_SALo_end
RS485Dispatcher_2 ^	0847 	RS485_Dispatcher_1
RS485Dispatcher_3 ^	0857 	RS485Dispatcher_2
RS485Dispatcher_4 ^	0867 	RS485Dispatcher_3
RS485Dispatcher_5 ^	087F 	RS485Dispatcher_4
RS485Dispatcher_6 ^	0887 	RS485Dispatcher_5
RS485ML_1 ^	00DD 	ModeReturn
RS485RX_Timeout	Ser485Flags,3	RS485_Parse
RS485SourceAddrLoRXd	RX485_ParseFlags,2	RS485_Parse_SALo
RS485SyncByte1RXd	RX485_ParseFlags,0	RS485_Parse_Byte
RS485SyncByte2RXd	RX485_ParseFlags,1	RS485_Parse_Sync2
RS485TXActive	Ser485Flags,0	RS485DeactivateTX, RS485ActivateTX, TX_The485Byte_1, TX_The485Byte_NoData
		RS485_Init
RS485_Address	0043 	RS485_Parse_SALo, RS485_Parse_SALo_end, RS485_Send_S0, RS485Cmd_SetAddr
RS485_ClearTXData_L1 ^	0246 	RS485_ClearTXData_L1
RS485_Dispatcher_1 ^	0831 	HandleRX485Data_1
RS485_Init ^	026B 	InitializeIO
RS485_Parse ^	01CC 	ModeReturn
RS485_Parse_Byte ^	01D7 	RS485_Parse
RS485_Parse_DALo_End ^	020F 	RS485_Parse_SALo_end
RS485_Parse_Data_end ^	0220 	RS485_Parse_DALo_End
RS485_Parse_Error ^	023A 	RS485_Parse_Sync2, RS485_Parse_Data_end
RS485_Parse_L1 ^	022F 	RS485_Parse_L1
RS485_Parse_Rtn ^	01FC 	RS485_Parse_Byte, RS485_Parse_Sync2, RS485_Parse_SALo_end
		RS485_Parse_DALo_End
RS485_Parse_SALo ^	01EE 	RS485_Parse_Sync2
RS485_Parse_SALo_end ^	01FE 	RS485_Parse_SALo
RS485_Parse_Sync2 ^	01E6 	RS485_Parse_Byte
RS485_Send ^	024C 	RS485_Send_S0
RS485_Send_L1 ^	0260 	RS485_Send_L1
RS485_Send_S0 ^	0800 	RS485Cmd_GetMode, RS485Cmd_GetOutputs, RS485Cmd_GetOutput_1
		RS485Cmd_GetStatus, RS485Cmd_SetAddr
RS485nRE	LATB,4	RS485DeactivateTX, RS485ActivateTX, RS485_Init
RX1DTPPS	1ECB 	RS485_Init
RX485Byte	003E 	RS485ML_1, RX_The485Byte, RX_The485Byte_Err
RX485DataIsNew	RX485_Flags,1	ModeReturn, RS485_Parse_L1, HandleRX485Data
RX485DataValidFlag	RX485_Flags,0	RS485_Parse_L1, HandleRX485Data
RX485DstIsMe	RX485_Flags,2	RS485_Parse_SALo_end, RS485_Parse_L1
RX485RXDataEquTXData	RX485_Flags,4	RS485_Parse_SALo_end
RX485SrcIsMe	RX485_Flags,3	RS485_Parse_SALo, RS485_Parse_SALo_end
RX485Timeout	0005 	RS485_Parse_Byte
RX485_CSUM	0223 	RS485_Parse_SALo, RS485_Parse_SALo_end, RS485_Parse_DALo_End, RS485_Parse_Data_end
RX485_Data	022A 	RS485_Parse_Data_end, HandleRX485Data_1
RX485_DataCount	0222 	RS485_Parse_SALo, RS485_Parse_DALo_End
RX485_DstAdd	0225 	RS485_Parse_SALo_end
RX485_Flags	0221 	ModeReturn, RS485_Parse_SALo, RS485_Parse_SALo_end, RS485_Parse_L1
		HandleRX485Data
RX485_ParseFlags	0220 	RS485ActivateTX, RS485_Parse, RS485_Parse_Byte, RS485_Parse_Sync2
		RS485_Parse_SALo, RS485_Parse_SALo_end, RS485_Parse_DALo_End, RS485_Parse_L1, RS485_Parse_Error
RX485_SrcAdd	0224 	RS485_Parse_SALo, RS485_Send_S0
RX485_TempData	0226 	RS485_Parse_DALo_End, RS485_Parse_Data_end
RX_The485Byte ^	0165 	LED2Blink_end
RX_The485Byte_Err ^	0170 	RX_The485Byte
SAFAddress	1F80 	EERead, EEWrite
SLRCONA	1F3B 	InitializeIO
SLRCONC	1F51 	InitializeIO
SP1BRGH	011C 	RS485_Init
SP1BRGL	011B 	RS485_Init
STATUS	0003 	CopyToRam_L1, SaveParams_L1, DecTimer, ModeReturn, RS485ActivateTX, RX_The485Byte
		GetSer485In, StoreSer485Out, GetSer485Out, RS485_Parse, RS485_Parse_Byte, RS485_Parse_Sync2
		RS485_Parse_SALo, RS485_Parse_SALo_end, RS485_Parse_DALo_End, RS485_Parse_Data_end
		HandleRX485Data_1, RS485_Dispatcher_1, RS485Dispatcher_2, RS485Dispatcher_3, RS485Dispatcher_4
		RS485Dispatcher_5, RS485Cmd_SetMode, RS485Cmd_SetOutput_L1, RS485Cmd_GetOutput_L1
		RS485Cmd_GetOutput_1
SW1_Active	SysFlags1,2	SystemBlink_end
SW1_PORT	PORTA,LED1_Bit	SystemBlink_end
SW2_Active	SysFlags1,5	LED1Blink_end
SW2_PORT	PORTA,LED2_Bit	LED1Blink_end
SaveParams ^	0065 	RS485Cmd_SaveParams, RS485Cmd_SetAddr
SaveParams_L1 ^	006A 	SaveParams_L1
Ser485Flags	003F 	RS485ML_1, RS485DeactivateTX, RS485ActivateTX, TX_The485Byte, TX_The485Byte_1
		TX_The485Byte_NoData, RX_The485Byte, RS485_Parse, RS485_Init
Ser485_Buff_Bank	4	StoreSer485In, GetSer485In, Flush485InBuff, GetSer485InBytes, StoreSer485Out
		GetSer485Out, RS485_Parse, RS485_Parse_Byte, RS485_Parse_SALo, RS485_Parse_SALo_end
		RS485_Parse_Error, RS485_Send, RS485_Send_L1, RS485_Send_S0
Ser485_In_Buff	023B 	StoreSer485In, GetSer485In, StoreSer485Out, GetSer485Out
Ser485_In_Bytes	0235 	StoreSer485In, GetSer485In, Flush485InBuff, GetSer485InBytes
Ser485_In_InPtr	0237 	StoreSer485In, Flush485InBuff
Ser485_In_OutPtr	0238 	GetSer485In, Flush485InBuff
Ser485_Out_Buff	025B 	StoreSer485Out, GetSer485Out
Ser485_Out_Bytes	0236 	GetSer485InBytes, StoreSer485Out, GetSer485Out
Ser485_Out_InPtr	0239 	StoreSer485Out
Ser485_Out_OutPtr	023A 	GetSer485Out
SerFlags	003C 	RS485Cmd_GetStatus
StoreSer485In ^	0178 	RS485ML_1
StoreSer485Out ^	01A5 	RS485_Send, RS485_Send_L1
SysFlags	0044 	CopyToRam_L1, SaveParams_L1
SysFlags1	002E 	SystemBlink_end, LED1Blink_end, RS485DeactivateTX, RS485DeactivateTX_End
		RS485ActivateTX
SysLEDCount	0023 	, InitializeIO
SysLEDTris	TRISA,SysLED_Bit	, InitializeIO
SysLED_Bit	0002 	, InitializeIO
SysLED_BlinkCount	0022 	InitializeIO
SysLED_Blinks	0021 	InitializeIO
SysLED_Time	0020 	, InitializeIO
SysMode	0040 	CopyToRam, SaveParams, MainLoop, RS485Cmd_SetMode, RS485Cmd_GetMode
SMRRC_Output.asm   X-Ref Table                                           Page: 27
/Users/davidflynn/Projects/SerialMRRC/Firmware/

SystemBlink_end ^	0017 	
SystemTick_end ^	0029 	
T0CON0	059E 	InitializeIO
T0CON0_Value	0089 	InitializeIO
T0CON1	059F 	InitializeIO
T0CON1_Value	0056 	InitializeIO
T0EN	0007 	InitializeIO
TMR0H	059D 	InitializeIO
TMR0H_Value	007D 	InitializeIO
TMR0IE	0005 	InitializeIO
TMR0IF	0005 	
TRISA	0012 	, SystemBlink_end, LED1Blink_end, InitializeIO
TRISB	0013 	InitializeIO
TRISC	0014 	InitializeIO
TX1CKPPS	1ECC 	RS485_Init
TX1IF	0004 	RS485DeactivateTX, TX_The485Byte_1
TX1REG	011A 	TX_The485Byte_1
TX1STA	011E 	RS485DeactivateTX, RS485ActivateTX, RS485_Init
TX1STA_BRGH	0002 	RS485_Init
TX1STA_SYNC	0004 	RS485_Init
TX1STA_TRMT	0001 	RS485DeactivateTX
TX1STA_TXEN	0005 	RS485DeactivateTX, RS485ActivateTX, RS485_Init
TX485Byte	003D 	TX_The485Byte, TX_The485Byte_1
TX485_Csum	0234 	RS485_ClearTXData_L1, RS485_Send_L1
TX485_Data	0230 	RS485_Parse_Error, RS485_Send, HandleRX485Data_1
TX485_DstAdd	022F 	RS485_Parse_Error, RS485_Send, RS485_Send_S0
TX485_SrcAdd	022E 	RS485_Parse_Error, RS485_Send, RS485_Send_S0
TX_The485Byte ^	014A 	RS485ML_1
TX_The485Byte_1 ^	0152 	TX_The485Byte
TX_The485Byte_End ^	015F 	TX_The485Byte_1
TX_The485Byte_NoData ^	0161 	TX_The485Byte
Timer1Hi	0033 	DecTimer1, DecTimer
Timer1Lo	0032 	DecTimer
Timer2Hi	0035 	DecTimer2, DecTimer
Timer2Lo	0034 	DecTimer, RS485_Parse, RS485_Parse_Byte
Timer3Hi	0037 	DecTimer3, DecTimer
Timer3Lo	0036 	DecTimer
Timer4Hi	0039 	DecTimer4, DecTimer
Timer4Lo	0038 	DecTimer, InitializeIO
UseEEParams	0001 	ClearRam, CopyToRam, DelayWuS_Loop, InitializeIO
UseRS485Chksum	0001 	RS485_Parse, RS485_Parse_DALo_End, RS485_Parse_Data_end, RS485_Send_L1
UseRS485SyncBytes	0001 	RS485_Parse_Byte, RS485_Send
W	0000 	, CopyToRam_L1, SaveParams_L1, DecTimer, EERead, EEWrite, MainLoop, RS485ML_1
		TX_The485Byte_1, RX_The485Byte, RX_The485Byte_Err, StoreSer485In, GetSer485In, GetSer485InBytes
		StoreSer485Out, GetSer485Out, RS485_Parse_Byte, RS485_Parse_Sync2, RS485_Parse_SALo
		RS485_Parse_SALo_end, RS485_Parse_DALo_End, RS485_Parse_Data_end, RS485_Send, RS485_Send_L1
		RS485_Send_S0, HandleRX485Data_1, RS485_Dispatcher_1, RS485Dispatcher_2, RS485Dispatcher_3
		RS485Dispatcher_4, RS485Dispatcher_5, RS485Cmd_SetMode, RS485Cmd_GetMode, RS485Cmd_SetOutputs
		RS485Cmd_GetOutputs, RS485Cmd_GetOutput_1, RS485Cmd_GetStatus
WDTCON0	080C 	InitializeIO
WREG	0009 	EERead, RS485Cmd_SetOutput_L1, RS485Cmd_GetOutput_L1
Z	0002 	CopyToRam_L1, SaveParams_L1, DecTimer, ModeReturn, RS485ActivateTX, RX_The485Byte
		GetSer485In, StoreSer485Out, GetSer485Out, RS485_Parse, RS485_Parse_Byte, RS485_Parse_Sync2
		RS485_Parse_SALo, RS485_Parse_SALo_end, RS485_Parse_DALo_End, RS485_Parse_Data_end
		HandleRX485Data_1, RS485_Dispatcher_1, RS485Dispatcher_2, RS485Dispatcher_3, RS485Dispatcher_4
		RS485Dispatcher_5, RS485Cmd_SetOutput_L1, RS485Cmd_GetOutput_L1, RS485Cmd_GetOutput_1
kMaxMode	0003 	RS485Cmd_SetMode
kRS232_MasterAddr	0001 	RS485Cmd_SetAddr
kRS232_SlaveAddr	0003 	RS485Cmd_SetAddr
kRS485SyncByteValue	00DD 	RS485_Parse_Byte, RS485_Parse_Sync2, RS485_Send
kRS485_Address	0003 	RS485Cmd_SetAddr
kSysFlags	0000 	RS485Cmd_SetAddr
kSysMode	0000 	RS485Cmd_SetAddr
nvFirstParamByte	nvSysMode	RS485Cmd_SetAddr, CopyToRam, SaveParams
nvLastParamByte	nvSysFlags	RS485Cmd_SetAddr
nvRS232_MasterAddr	0001 	RS485Cmd_SetAddr
nvRS232_SlaveAddr	0002 	RS485Cmd_SetAddr
nvRS485_Address	0003 	RS485Cmd_SetAddr
nvRS485_MasterAddr	0004 	RS485Cmd_SetAddr
nvSysFlags	0005 	RS485Cmd_SetAddr
nvSysMode	0000 	RS485Cmd_SetAddr, CopyToRam, SaveParams
oldCode	0000 	DecTimer
ssRX_Timeout	SerFlags,3	RS485Cmd_GetStatus
ssStatus	002A 	RS485Cmd_GetStatus
start ^	00C9 	
useBootloader	0000 	RS485Cmd_SetAddr
useRS232	0000 	LED2Blink_end, start, ModeReturn, InitializeIO, RS485_Init
useRS232PacketCmds	0000 	RS485_Init
useRS485	0001 	LED2Blink_end, ModeReturn, InitializeIO, RS485DeactivateTX
useRS485PacketCmds	0001 	ModeReturn, RS485_Init
 

X-Ref Table (The UnCalled)
Delay100uS !	0099 	
Delay10uS !	0097 	
Delay40uS !	009B 	
EEReadW !	00A2 	
EEWriteW !	00AC 	
GetSer485OutBytes !	01A1 	
IRQ_RS_485 !	0029 	
POP_Ser485Out !	01B3 	
ProgStartVector !	0000 	
RS485DeactivateTX_1 !	012C 	
RS485_ClearTXData !	023C 	
RS485_Parse_DALo !	01FE 	
RS485_Parse_Data !	020F 	
RX_The485Byte_1 !	016A 	
SystemBlink_Std !	0014 	
TestT1_Zero !	0093 	
SMRRC_Output.asm   X-Ref Table                                           Page: 28
/Users/davidflynn/Projects/SerialMRRC/Firmware/

TestT2_Zero !	008F 	
TestT3_Zero !	008B 	
TestT4_Zero !	0087 	
 

Memory Usage Map ('X' = Used, '-' = Unused)
 
0000  : XX--XXXXXXXXXXXX XXXXXXXXXXXXXXXX XXXXXXXXXXXXXXXX XXXXXXXXXXXXXXXX
0040  : XXXXXXXXXXXXXXXX XXXXXXXXXXXXXXXX XXXXXXXXXXXXXXXX XXXXXXXXXXXXXXXX
0080  : XXXXXXXXXXXXXXXX XXXXXXXXXXXXXXXX XXXXXXXXXXXXXXXX XXXXXXXXXXXXXXXX
00C0  : XXXXXXXXXXXXXXXX XXXXXXXXXXXXXXXX XXXXXXXXXXXXXXXX XXXXXXXXXXXXXXXX
0100  : XXXXXXXXXXXXXXXX XXXXXXXXXXXXXXXX XXXXXXXXXXXXXXXX XXXXXXXXXXXXXXXX
0140  : XXXXXXXXXXXXXXXX XXXXXXXXXXXXXXXX XXXXXXXXXXXXXXXX XXXXXXXXXXXXXXXX
0180  : XXXXXXXXXXXXXXXX XXXXXXXXXXXXXXXX XXXXXXXXXXXXXXXX XXXXXXXXXXXXXXXX
01C0  : XXXXXXXXXXXXXXXX XXXXXXXXXXXXXXXX XXXXXXXXXXXXXXXX XXXXXXXXXXXXXXXX
0200  : XXXXXXXXXXXXXXXX XXXXXXXXXXXXXXXX XXXXXXXXXXXXXXXX XXXXXXXXXXXXXXXX
0240  : XXXXXXXXXXXXXXXX XXXXXXXXXXXXXXXX XXXXXXXXXXXXXXXX XXXXXXXXXXXXXXXX
0280  : XXXXXXXX-------- ---------------- ---------------- ----------------
0800  : XXXXXXXXXXXXXXXX XXXXXXXXXXXXXXXX XXXXXXXXXXXXXXXX XXXXXXXXXXXXXXXX
0840  : XXXXXXXXXXXXXXXX XXXXXXXXXXXXXXXX XXXXXXXXXXXXXXXX XXXXXXXXXXXXXXXX
0880  : XXXXXXXXXXXXXXXX XXXXXXXXXXXXXXXX XXXXXXXXXXXXXXXX XXXXXXXXXXXXXXXX
08C0  : XXXXXXXXXXXXXXXX XXXXXXXXXXXXXXXX XXXXXXXX-------- ----------------
1F80  : XXXXX----------- ---------------- ---------------- ----------------
1FC0  : ---------------- ---------------- ---------------- ---------------X
 
Program Memory Words Used:884
Program Memory Words Free:7308
 
UserID
8000  :----
 
Config
8007  :XXXXX
 
EEPROM
 
Data EEPROM Bytes Used:0
Data EEPROM Bytes Free:0
