SMRRC.asm                                                             Page: 1
/Users/davidflynn/Projects/SerialMRRC/Firmware/

00001 0000 	;=========================================================================================
00002 0000 	;
00003 0000 	;   Filename:	SMRRC.asm
00004 0000 	;   Created:	4/1/2025
00005 0000 	;   File Revision:	0.9.3a   7/19/2026
00006 0000 	;   Project:	Serial Model Railroad Control
00007 0000 	;   Author:	David M. Flynn
00008 0000 	;   Company:	DMF-Enterprises
00009 0000 	;   E-Mail:	dflynn@oxfordvue.com
00010 0000 	;
00011 0000 	;=========================================================================================
00012 0000 	;   Serial Model Railroad Control:
00013 0000 	;
00014 0000 	;
00015 0000 	;    History:
00016 0000 	; 0.9.3a   7/19/2026   Node types.
00017 0000 	; 0.9.2a   7/13/2026   Good data to/from Master. Working on RS485...
00018 0000 	; 0.9.1a   7/9/2026	It compiles...
00019 0000 	; 0.9a   4/1/2025	Copied from BLDC_Servo, Blink an LED
00020 0000 	;
00021 0000 	;=========================================================================================
00022 0000 	; Options:
00023 0000 	;
00024 0000 	;=========================================================================================
00025 0000 	;=========================================================================================
00026 0000 	; What happens next:
00027 0000 	;   At power up the system LED will blink.
00028 0000 	;
00029 0000 	; When a command packet is received from RX2 (USB):
00030 0000 	;  Source=Master, Destination=Me: Parse and Process the command.
00031 0000 	;     Send any requested data back to Master on TX2 (USB).
00032 0000 	;  Source=Master, Destination<>Me: Retransmit on TX1 (RS485)
00033 0000 	;
00034 0000 	; When a command packet is received from RX1 (RS485):
00035 0000 	;  Source=any, Destination=Me: Parse and Process the command. 
00036 0000 	;     Send any requested data back to the sender on TX1 (RS485).
00037 0000 	;  Source=any, Destination=Master: Retransmit on TX2 (USB)
00038 0000 	;  Source=any, Destination= other than Master or Me do nothing.
00039 0000 	;
00040 0000 	;=========================================================================================
00041 0000 	; uController pinout (PIC16F15345):
00042 0000 	;
00043 0000 	; Pin 1  (Vdd)		+5 Volts
00044 0000 	; Pin 2  (RA5)		LED2 (Active Low Input/Output)(LED2/Button2)
00045 0000 	; Pin 3  (RA4)		LED1 (Active Low Input/Output)(LED1/Button1)
00046 0000 	; Pin 4  (RA3/MCLR*)		VPP/MCLR*
00047 0000 	; Pin 5  (RC5)		I/O    Daughter Card Pin 10
00048 0000 	; Pin 6  (RC4)		I/O    Daughter Card Pin 9
00049 0000 	; Pin 7  (RC3)		I/O    Daughter Card Pin 8
00050 0000 	; Pin 8  (RC6)		I/O    Daughter Card Pin 11
00051 0000 	; Pin 9  (RC7)		I/O    Daughter Card Pin 12
00052 0000 	; Pin 10 (RB7/TX1)		RS-485 Driver
00053 0000 	; Pin 11 (RB6)		RS-485 Driver Enable (Active High Output)
00054 0000 	; Pin 12 (RB5)		RS-485 Receiver
00055 0000 	; Pin 13 (RB4)		RS-485 Receiver Enable (Active Low Output)
00056 0000 	; Pin 14 (RC2)		I/O    Daughter Card Pin 7
00057 0000 	; Pin 15 (RC1)		RX2 or I/O Daughter Card Pin 6
00058 0000 	; Pin 16 (RC0)		TX2 or I/O Daughter Card Pin 5
00059 0000 	; Pin 17 (RA2)		SYSLED (Active Low Output)(System LED)
00060 0000 	; Pin 18 (RRA/ICSPCLK)		ICSPCLK
00061 0000 	; Pin 19 (RA0/ICSPDAT)		ICSPDAT
00062 0000 	; Pin 20 (Vss)		Ground
00063 0000 	;
00064 0000 	;=========================================================================================
00065 0000 	;
00066 0000 		list	p=16F15345,r=hex,W=1	; list directive to define processor
00069 0000 		nolist
00070 0000 	;
00071 8007 1F8C 		__CONFIG _CONFIG1, b'0001111110001100'
00072 0000 	; FCMEM=0, RSTOSC=000 (32MHz), FEXTOSC=100
00073 0000 	;
00074 8008 3FFE 		__CONFIG _CONFIG2, b'0011111111111110'
00075 0000 	; MCLRE=0
00076 0000 	;
00077 8009 3F9F 		__CONFIG _CONFIG3, b'0011111110011111'
00078 0000 	;WDTE=00
00079 0000 	;
00080 800A 1FEF 		__CONFIG _CONFIG4, b'0001111111101111'
00081 0000 	; LVP=0, nSAFEN=0
00082 0000 	;
00083 800B 3FFF 		__CONFIG _CONFIG5, b'0011111111111111'
00084 0000 	;
00085 0000 	;=========================================================================================
00086 0000 	;
00087 0000 		constant	oldCode=0
00088 0000 		constant	useRS232=1	;TX2/RX2 to USB
00089 0000 		constant	useRS485=1	;TX1/RX1 to RS-485 SMRRC devices
00090 0000 		constant	useBootloader=1
00091 0000 		constant	UseEEParams=1
00092 0000 		constant	UseQEnc=0
00093 0000 		constant	UsePID=0
00094 0000 		constant	UseAuxLEDBlinking=0
00095 0000 	;
00096 0000 		constant	RP_LongAddr=0
00097 0000 		constant	RP_AddressBytes=1
00098 0000 		constant	RP_DataBytes=4
00099 0000 		constant	UseRS232SyncBytes=1
00100 0000 00DD 	kRS232SyncByteValue	EQU	0xDD
00101 0000 		constant	UseRS232Chksum=1
SMRRC.asm                                                             Page: 2
/Users/davidflynn/Projects/SerialMRRC/Firmware/

00102 0000 	;
00103 0000 		constant	RP485_LongAddr=0
00104 0000 		constant	RP485_AddressBytes=1
00105 0000 		constant	RP485_DataBytes=4
00106 0000 		constant	UseRS485SyncBytes=1
00107 0000 00DD 	kRS485SyncByteValue	EQU	0xDD
00108 0000 		constant	UseRS485Chksum=1
00109 0000 	;
00110 0000 0001 	kRS232_MasterAddr	EQU	0x01	;Master's Address
00111 0000 0002 	kRS232_SlaveAddr	EQU	0x02	;This Slave's Address
00112 0000 	;
00113 0000 0002 	kRS485_Address	EQU	0x02	;my Address on the RS-485 bus
00114 0000 	;
00115 0000 0000 	kSysMode	EQU	.0	;Default Mode
00116 0000 	;
00117 0000 0003 	#Define	_C	STATUS,C
00118 0000 0003 	#Define	_Z	STATUS,Z
00119 0000 	;
00120 0000 	;====================================================================================================
00123 0000 		nolist
00124 0000 	;
00125 0000 	;    Port A bits
00126 0000 00FF 	PortA_Tris_Bits	EQU	b'11111111'	;All inputs
00127 0000 0000 	PortA_Init_Value	EQU	b'00000000'
00128 0000 0000 	PortA_ANSel_Value	EQU	b'00000000'	;All digital
00129 0000 	;
00130 0000 0002 	SysLED_Bit	EQU	2	;LED1 (Active Low Output)
00131 0000 000C 	SysLEDPort	EQU	PORTA
00132 0000 000C 	#Define	SW1_In	PORTA,SysLED_Bit
00133 0000 0018 	#Define	SysLEDLat	LATA,SysLED_Bit
00134 0000 0012 	#Define	SysLEDTris	TRISA,SysLED_Bit
00135 0000 	;
00136 0000 0004 	LED1_Bit	equ	4
00137 0000 0012 	#Define	LED1_TRIS	TRISA,LED1_Bit
00138 0000 0018 	#Define	LED1_LAT	LATA,LED1_Bit
00139 0000 000C 	#Define	SW1_PORT	PORTA,LED1_Bit
00140 0000 0005 	LED2_Bit	equ	5
00141 0000 0012 	#Define	LED2_TRIS	TRISA,LED2_Bit
00142 0000 0018 	#Define	LED2_LAT	LATA,LED2_Bit
00143 0000 000C 	#Define	SW2_PORT	PORTA,LED2_Bit
00144 0000 	;
00145 0000 	;    Port B bits
00146 0000 00AF 	PortB_Tris_Bits	EQU	b'10101111'	;RS-485, TX/RX are controlled by serial	
00147 0000 0000 	PortB_Init_Value	EQU	b'00000000'
00148 0000 0000 	PortB_ANSel_Value	EQU	b'00000000'	;All digital
00149 0000 	;
00150 0000 0019 	#Define	RS485nRE	LATB,4
00151 0000 0019 	#Define	RS485DE	LATB,6
00152 0000 	;
00153 0000 	;    Port C bits
00154 0000 00FF 	PortC_Tris_Bits	EQU	b'11111111'	;RC0=TX2, RC1=RX2
00155 0000 0000 	PortC_Init_Value	EQU	b'00000000'
00156 0000 0000 	PortC_ANSel_Value	EQU	b'00000000'	;All digital
00157 0000 	;
00158 0000 000E 	#Define	RC0In	PORTC,0	;I/O or TTL Serial TX
00159 0000 000E 	#Define	RC1In	PORTC,1	;I/O or TTL Serial RX
00160 0000 	;
00161 0000 	;
00162 0000 	;========================================================================================
00163 0000 	;========================================================================================
00164 0000 	;
00165 0000 	;Constants
00166 0000 00FF 	All_In	EQU	0xFF
00167 0000 0000 	All_Out	EQU	0x00
00168 0000 	;
00169 0000 00E9 	T2CON_Value	EQU	b'11101001'	;T2 On, /64 pre, /10 post
00170 0000 007D 	PR2_Value	EQU	.125	; 100/Sec
00171 0000 	;
00172 0000 0064 	LEDTIME	EQU	d'100'	;1.00 seconds
00173 0000 000A 	LEDErrorTime	EQU	d'10'
00174 0000 0014 	LEDFastTime	EQU	d'20'
00175 0000 	;
00176 0000 	;2MHz timebase for R/C servos
00177 0000 0021 	T1CON_Val	EQU	b'00100001'	;Fosc=32MHz, PreScale=4,Fosc/4,Timer ON
00178 0000 	;
00179 0000 0024 	TXSTA_Value	EQU	b'00100100'	;8 bit, TX enabled, Async, high speed
00180 0000 0090 	RCSTA_Value	EQU	b'10010000'	;RX enabled, 8 bit, Continious receive
00181 0000 0008 	BAUD2CON_Value	EQU	b'00001000'	;BRG16=1
00182 0000 0008 	BAUD1CON_Value	EQU	b'00001000'	;BRG16=1
00183 0000 	; 32MHz clock low speed (BRGH=1,BRG16=1)
00184 0000 682A 	Baud_300	EQU	.26666	;300, 0.00%
00185 0000 1A0A 	Baud_1200	EQU	.6666	;1200, 0.00%
00186 0000 0D04 	Baud_2400	EQU	.3332	;2400, +0.01%
00187 0000 0340 	Baud_9600	EQU	.832	;9604, +0.04%
00188 0000 01A0 	Baud_19200	EQU	.416	;19.18k, -0.08%
00189 0000 00CF 	Baud_38400	EQU	.207	;38.46k, +0.16%
00190 0000 008A 	Baud_57600	EQU	.138	;57.55k, -0.08%
00191 0000 00CF 	BaudRate	EQU	Baud_38400
00192 0000 00CF 	RS485BaudRate	EQU	Baud_38400
00193 0000 	;
00194 0000 0000 	kSysFlags	EQU	.0
00195 0000 	;
00196 0000 000A 	DebounceTime	EQU	.10
00197 0000 	;
00198 0000 0003 	kMaxMode	EQU	.3
00199 0000 	;
00200 0000 	;
00201 0000 	;
00202 0000 	;================================================================================================
SMRRC.asm                                                             Page: 3
/Users/davidflynn/Projects/SerialMRRC/Firmware/

00203 0000 	;***** VARIABLE DEFINITIONS
00204 0000 	; there are1024 bytes of ram, Bank0 0x20..0x7F, Bank1 0xA0..0xEF, Bank2 0x120..0x16F,
00205 0000 	;  Bank3 0x1A0..0x1EF, Bank4 0x220..0x26F, Bank5 0x2A0..0x2EF, Bank6 0x320..0x36F, 
00206 0000 	;  Bank7 0x3A0..0x3EF, Bank8 0x420..0x46F, Bank9 0x4A0..0x4EF, Bank10 0x520..0x56F, 
00207 0000 	;  Bank11 0x5A0..0x5EF, Bank12 0x620..0x64F
00208 0000 	; there are 128 bytes of Storage Area Flash starting at 0x1F80 to 0x1FFF
00209 0000 	;================================================================================================
00210 0000 	;  Bank0 Ram 020h-06Fh 80 Bytes
00211 0000 	;
00212 0000 		cblock	0x20
00213 0000 	;
00214 0000 0020 M		SysLED_Time		;sys LED time
00215 0000 0021 M		SysLED_Blinks		;0=1 flash,1,2,3
00216 0000 0022 M		SysLED_BlinkCount
00217 0000 0023 M		SysLEDCount		;sys LED Timer tick count
00218 0000      M	; LED1, LED2 blinking
00219 0000 0024 M		LED1_Blinks		;0=off,1,2,3
00220 0000 0025 M		LED2_Blinks
00221 0000 0026 M		LED1_BlinkCount		;LED2_Blinks..0
00222 0000 0027 M		LED2_BlinkCount
00223 0000 0028 M		LED1_Count		;tick count
00224 0000 0029 M		LED2_Count
00225 0000      M	;
00226 0000 002A M		ssStatus:4
00227 0000 002E M		SysFlags1
00228 0000 002F M		SysFlags2
00229 0000      M	;
00230 0000 0030 M		EEAddrTemp		;SAF address to read or write
00231 0000 0031 M		EEDataTemp		;Data to be writen to SAF
00232 0000      M	;
00233 0000 0032 M		Timer1Lo		;1st 16 bit timer
00234 0000 0033 M		Timer1Hi		; 50 mS RX timeiout
00235 0000 0034 M		Timer2Lo		;2nd 16 bit timer
00236 0000 0035 M		Timer2Hi		; 50 mS RX485 timer
00237 0000 0036 M		Timer3Lo		;3rd 16 bit timer
00238 0000 0037 M		Timer3Hi		;GP wait timer
00239 0000 0038 M		Timer4Lo		;4th 16 bit timer
00240 0000 0039 M		Timer4Hi		; debounce timer
00241 0000      M	;
00242 0000      M	; RS-232
00243 0000 003A M		TXByte		;Next byte to send
00244 0000 003B M		RXByte		;Last byte received
00245 0000 003C M		SerFlags
00246 0000      M	; RS-485
00247 0000 003D M		TX485Byte		;Next byte to send
00248 0000 003E M		RX485Byte		;Last byte received
00249 0000 003F M		Ser485Flags
00250 0000      M	;
00251 0000      M	;-----------------------
00252 0000      M	;Below here are saved in SAF
00253 0000 0040 M		SysMode
00254 0000 0041 M		RS232_MasterAddr
00255 0000 0042 M		RS232_SlaveAddr
00256 0000      M	;
00257 0000 0043 M		RS485_Address		;my address on the RS-485 bus
00258 0000      M	;
00259 0000 0044 M		SysFlags		
00260 0000      M	;
00261 0000      M		endc
00262 0000      M	;--------------------------------------------------------------
00263 0000      M	;---SysFlags1 bits---
00264 0000 002E M	#Define	SW1_Active	SysFlags1,2
00265 0000 002E M	#Define	SW1_Debounce	SysFlags1,3
00266 0000 002E M	#Define	LED1_Active	SysFlags1,4
00267 0000 002E M	#Define	SW2_Active	SysFlags1,5
00268 0000 002E M	#Define	SW2_Debounce	SysFlags1,6
00269 0000 002E M	#Define	LED2_Active	SysFlags1,7
00270 0000      M	;
00271 0000      M	;
00272 0000      M	;---SerFlags bits---
00273 0000 003C M	#Define	DataReceivedFlag	SerFlags,1
00274 0000 003C M	#Define	DataSentFlag	SerFlags,2
00275 0000 003C M	#Define	ssRX_Timeout	SerFlags,3	;cleared by host read
00276 0000      M	;
00277 0000 003F M	#define	RS485TXActive	Ser485Flags,0
00278 0000 003F M	#Define	RS485DataReceivedFlag	Ser485Flags,1
00279 0000 003F M	#Define	RS485DataSentFlag	Ser485Flags,2
00280 0000 003F M	#Define	RS485RX_Timeout	Ser485Flags,3	;cleared by host read
00281 0000 003F M	#Define	RS485DestAddLoRXd	Ser485Flags,4
00282 0000 003F M	#Define	RS485SourceAddLoRXd	Ser485Flags,5
00283 0000      M	;
00284 0000      M	;---------------
00285 0000 0040 M	#Define	FirstRAMParam	SysMode
00286 0000 0044 M	#Define	LastRAMParam	SysFlags
00287 0000      M	;
00288 0000      M	;
00289 0000      M	;=========================================================================================
00290 0000      M	;  Bank1 Ram 0A0h-0EFh 80 Bytes, RS-232 Packet Serial
00291 0000      M	;
00292 0000      M		cblock	0x0A0
00293 0000 00A0 M		RX_ParseFlags
00294 0000 00A1 M		RX_Flags
00295 0000 00A2 M		RX_DataCount
00296 0000 00A3 M		RX_CSUM
00297 0000 00A4 M		RX_SrcAdd:RP_AddressBytes	;1 or 2
00298 0000 00A5 M		RX_DstAdd:RP_AddressBytes	;1 or 2
00299 0000 00A6 M		RX_TempData:RP_DataBytes	;4
00300 0000 00AA M		RX_Data:RP_DataBytes		;4
00301 0000 00AE M		TX_Data:RP_DataBytes		;4
SMRRC.asm                                                             Page: 4
/Users/davidflynn/Projects/SerialMRRC/Firmware/

00302 0000      M	;
00303 0000      M		endc
00304 0000      M	;
00305 0000      M	;
00306 0000      M	;================================================================================================
00307 0000      M	;  Bank2 Ram 120h-16Fh 80 Bytes RS-232 Packet Serial
00308 0000      M	;
00309 0000 0002 M	#Define	Ser_Buff_Bank	2
00310 0000      M	;
00311 0000      M		cblock	0x120
00312 0000 0120 M		Ser_In_Bytes		;Bytes in Ser_In_Buff
00313 0000 0121 M		Ser_Out_Bytes		;Bytes in Ser_Out_Buff
00314 0000 0122 M		Ser_In_InPtr
00315 0000 0123 M		Ser_In_OutPtr
00316 0000 0124 M		Ser_Out_InPtr
00317 0000 0125 M		Ser_Out_OutPtr
00318 0000 0126 M		Ser_In_Buff:20
00319 0000 0146 M		Ser_Out_Buff:20
00320 0000      M		endc
00321 0000      M	;
00322 0000      M	;================================================================================================
00323 0000      M	;  Bank3 Ram 1A0h-1EFh 80 Bytes
00324 0000 01A0 M	MathAddress	EQU	0x1A0
00325 0000      M	;	include	MathEQUs.inc
00326 0000      M	;=========================================================================================
00327 0000      M	;  Bank4 Ram 220h-26Fh 80 Bytes, RS-485 Packet Serial
00328 0000      M	;
00329 0000 0004 M	#Define	Ser485_Buff_Bank	4
00330 0000      M	;
00331 0000      M		cblock	0x220
00332 0000 0220 M		RX485_ParseFlags
00333 0000 0221 M		RX485_Flags
00334 0000 0222 M		RX485_DataCount
00335 0000 0223 M		RX485_CSUM
00336 0000 0224 M		RX485_SrcAdd:RP485_AddressBytes
00337 0000 0225 M		RX485_DstAdd:RP485_AddressBytes
00338 0000 0226 M		RX485_TempData:RP485_DataBytes
00339 0000 022A M		RX485_Data:RP485_DataBytes
00340 0000      M	;
00341 0000 022E M		TX485_SrcAdd:RP485_AddressBytes
00342 0000 022F M		TX485_DstAdd:RP485_AddressBytes
00343 0000 0230 M		TX485_Data:RP485_DataBytes
00344 0000      M	;
00345 0000 0234 M		Ser485_In_Bytes		;Bytes in Ser_In_Buff
00346 0000 0235 M		Ser485_Out_Bytes		;Bytes in Ser_Out_Buff
00347 0000 0236 M		Ser485_In_InPtr
00348 0000 0237 M		Ser485_In_OutPtr
00349 0000 0238 M		Ser485_Out_InPtr
00350 0000 0239 M		Ser485_Out_OutPtr
00351 0000 023A M		Ser485_In_Buff:20
00352 0000 025A M		Ser485_Out_Buff:20
00353 0000      M		endc
00354 0000      M	;
00355 0000      M	;=========================================================================================
00356 0000      M	;  Bank5 Ram 2A0h-2EFh 80 Bytes
00357 0000      M	;
00358 0000      M	;
00359 0000      M	;=========================================================================================
00360 0000      M	;  Bank6 Ram 320h-32Fh 16 Bytes, 512 bytes total ram
00361 0000      M	;================================================================================================
00362 0000      M	;  Bank7 No Ram beyond bank 6
00363 0000      M	;=======================================================================================================
00364 0000      M	;  Common Ram 70-7F same for all banks 0..23, 56..63
00365 0000      M	;      except for ISR_W_Temp these are used for paramiter passing and temp vars
00366 0000      M	;=======================================================================================================
00367 0000      M	;
00368 0000      M		cblock	0x70
00369 0000 0070 M		Param70
00370 0000 0071 M		Param71
00371 0000 0072 M		Param72
00372 0000 0073 M		Param73
00373 0000 0074 M		Param74
00374 0000 0075 M		Param75
00375 0000 0076 M		Param76
00376 0000 0077 M		Param77
00377 0000 0078 M		Param78
00378 0000 0079 M		Param79
00379 0000 007A M		Param7A
00380 0000 007B M		Param7B
00381 0000 007C M		Param7C
00382 0000 007D M		Param7D
00383 0000 007E M		Param7E
00384 0000 007F M		Param7F
00385 0000      M		endc
00386 0000      M	;
00387 0000      M	;=========================================================================================
00388 0000      M	;Conditions
00389 0000 0080 M	HasISR	EQU	0x80	;used to enable interupts 0x80=true 0x00=false
00390 0000      M	;
00391 0000      M	;=========================================================================================
00392 0000      M	;==============================================================================================
00393 0000      M	; ID Locations
00394 0000      M		__idlocs _IDLOC0, 0x10d1
00395 0000      M	;
00396 0000      M		if UseEEParams
00397 0000      M	;==============================================================================================
00398 0000      M	; SAF locations (HEF) 0x00..0x7F (offsets)
00399 0000      M	;
00400 0000      M	; default values
SMRRC.asm                                                             Page: 5
/Users/davidflynn/Projects/SerialMRRC/Firmware/

00401 0000 1F80 M	SAFAddress	EQU	0x1F80
00402 0000      M		ORG	SAFAddress
00403 1F80 0000      M		de	kSysMode	;nvSysMode
00404 1F81 0001      M		de	kRS232_MasterAddr	;nvRS232_MasterAddr, 0x0F
00405 1F82 0002      M		de	kRS232_SlaveAddr	;nvRS232_SlaveAddr, 0x10
00406 1F83      M	;
00407 1F83 0002      M		de	kRS485_Address	;me
00408 1F84      M	;
00409 1F84 0000      M		de	kSysFlags	;nvSysFlags
00410 1F85      M	;
00411 1F85      M		ORG	0x1FFF
00412 1FFF 0000      M		de	0x00	;Skip BootLoader
00413 2000      M	;
00414 2000      M		endif
00415 2000      M	; SAF Addresses
00416 2000 1F80 M	SAFStart	equ	0x1F80
00417 2000      M		cblock	0x0000
00418 2000      M	;
00419 2000 0000 M		nvSysMode
00420 2000 0001 M		nvRS232_MasterAddr		;for RS-232 packet serial
00421 2000 0002 M		nvRS232_SlaveAddr
00422 2000      M	;
00423 2000 0003 M		nvRS485_Address
00424 2000 0004 M		nvRS485_MasterAddr
00425 2000      M	;
00426 2000 0005 M		nvSysFlags
00427 2000      M	;
00428 2000      M		endc
00429 2000      M	;
00430 2000 0000 M	#Define	nvFirstParamByte	nvSysMode
00431 2000 0005 M	#Define	nvLastParamByte	nvSysFlags
00432 2000      M	;
00433 2000      M	;
00434 2000      M	;============================================================================================
00435 2000      M	; ******************* Reset Vector *****************************
00436 2000      M	;============================================================================================
00437 2000      M	;
00438 2000      M		ORG	0x000	; processor reset vector
00439 0000      M	;
00440 0000      M		if useBootloader
00441 0000 1D00 M	BootLoaderStart	EQU	0x1D00
00442 0000      M	;
00443 0000 319D      M		movlp	BootLoaderStart
00444 0001 2D00      M		goto	BootLoaderStart
00445 0002      M		endif
00446 0002      M	;
00447 0002 018A      M	ProgStartVector	CLRF	PCLATH
00448 0003 29D1      M	  	goto	start	; go to beginning of program
00449 0004      M	;
00450 0004      M	;===============================================================================================
00451 0004      M	;===============================================================================================
00452 0004      M	; Interupt Service Routine
00453 0004      M	;
00454 0004      M	; we loop through the interupt service routing every 0.008192 seconds
00455 0004      M	;
00456 0004      M	;
00457 0004      M		ORG	0x004	; interrupt vector location
00458 0004 018A      M		CLRF	PCLATH
00459 0005 0140      M		movlb	0	; bank 0
00460 0006      M	;
00461 0006      M	;=============================
00462 0006      M	; Timer 0 is 100/s
00463 0006      M	;
00464 0006 014E      M		movlb	PIR0	; bank14
00465 0007 1E8C      M		btfss	PIR0,TMR0IF
00466 0008 3220      M		bra	SystemTick_end
00467 0009 128C      M		bcf	PIR0,TMR0IF
00468 000A 0140      M		movlb	0	; bank 0
00469 000B      M	;
00470 000B      M	;------------------
00471 000B      M	; These routines run 100 times per second
00472 000B      M	;
00473 000B      M	;	
00474 000B      M	;------------------
00475 000B      M	;Decrement timers until they are zero
00476 000B      M	;
00477 000B 207D      M		call	DecTimer1	;if timer 1 is not zero decrement
00478 000C 207B      M		call	DecTimer2
00479 000D 2079      M		call	DecTimer3
00480 000E 2077      M		call	DecTimer4
00481 000F      M	;	
00482 000F 1512      M		bsf	SysLEDTris	;LED off
00483 0010 1612      M		bsf	LED1_TRIS	;LED off
00484 0011 1692      M		bsf	LED2_TRIS	;LED off
00485 0012      M	;
00486 0012      M	;
00487 0012      M	;--------------------
00488 0012      M	; Sys LED time
00489 0012 0BA3      M		DECFSZ	SysLEDCount,F	;Is it time?
00490 0013 3203      M		bra	SystemBlink_end	; No, not yet
00491 0014      M	;
00492 0014      M	;
00493 0014 0820      M	SystemBlink_Std	MOVF	SysLED_Time,W
00494 0015 00A3      M		MOVWF	SysLEDCount
00495 0016 1112      M		bcf	SysLEDTris	;LED ON
00496 0017      M	;
00497 0017      M	SystemBlink_end:
00498 0017      M	;--------------------
00499 0017      M	; LED 1
SMRRC.asm                                                             Page: 6
/Users/davidflynn/Projects/SerialMRRC/Firmware/

00500 0017 112E      M		bcf	SW1_Active
00501 0018 1E0C      M		btfss	SW1_PORT
00502 0019 152E      M		bsf	SW1_Active
00503 001A      M	;
00504 001A 0BA8      M		decfsz	LED1_Count,F
00505 001B 3204      M		bra	LED1Blink_end
00506 001C      M	;
00507 001C 3064      M		movlw	.100	;1 second
00508 001D 00A8      M		movwf	LED1_Count
00509 001E 1A2E      M		btfsc	LED1_Active
00510 001F 1212      M		bcf	LED1_TRIS	;LED ON
00511 0020      M	LED1Blink_end:
00512 0020      M	;--------------------
00513 0020      M	; LED 2
00514 0020 12AE      M		bcf	SW2_Active
00515 0021 1E8C      M		btfss	SW2_PORT
00516 0022 16AE      M		bsf	SW2_Active
00517 0023      M	;
00518 0023 0BA9      M		decfsz	LED2_Count,F
00519 0024 3204      M		bra	LED2Blink_end
00520 0025      M	;
00521 0025 3064      M		movlw	.100	;1 second
00522 0026 00A9      M		movwf	LED2_Count
00523 0027 1BAE      M		btfsc	LED2_Active
00524 0028 1292      M		bcf	LED2_TRIS	;LED ON
00525 0029      M	LED2Blink_end:
00526 0029      M	;	
00527 0029      M	;
00528 0029      M	SystemTick_end:
00529 0029      M	;
00530 0029      M	;-----------------------------------------------------------------------------------------
00531 0029      M		if useRS232
00532 0029      M	;-----------------------------------------------------------------------------------------
00533 0029      M	;EUSART Serial ISR RS-232 Packet Serial
00534 0029      M	;
00535 0029 014E      M	IRQ_Ser	movlb	PIR3
00536 002A 1F8F      M		BTFSS	PIR3,RC2IF	;RX has a byte?
00537 002B 3201      M		BRA	IRQ_Ser_End
00538 002C 20D6      M		CALL	RX_TheByte
00539 002D      M	IRQ_Ser_End:
00540 002D      M	;
00541 002D      M		endif
00542 002D      M	;-----------------------------------------------------------------------------------------
00543 002D      M		if useRS485
00544 002D      M	;-----------------------------------------------------------------------------------------
00545 002D      M	;EUSART Serial ISR RS-485 Packet Serial on RX1/TX1
00546 002D      M	;
00547 002D 014E      M	IRQ_RS_485	movlb	PIR3
00548 002E 1E8F      M		BTFSS	PIR3,RC1IF	;RX has a byte?
00549 002F 3201      M		BRA	IRQ_RS_485_End
00550 0030 22B3      M		CALL	RX_The485Byte
00551 0031      M	IRQ_RS_485_End:
00552 0031      M	;
00553 0031      M		endif
00554 0031      M	;
00555 0031      M	;-----------------------------------------------------------------------------------------
00556 0031 0009      M		retfie
00557 0032      M	;
00558 0032      M	;=========================================================================================
00559 0032      M	;*****************************************************************************************
00560 0032      M	;=========================================================================================
00561 0032      M	;
00562 0032      M		include	F15345_Common.inc
00001 0032      M	;=========================================================================================
00002 0032      M	; Commonly used routines PIC16F18854 version
00003 0032      M	;
00004 0032      M	;    Filename:      F18854_Common.inc
00005 0032      M	;    Date:          3/26/2020
00006 0032      M	;    File Version:  1.0.4
00007 0032      M	;
00008 0032      M	;    Author:        David M. Flynn
00009 0032      M	;    Company:       Oxford V.U.E., Inc.
00010 0032      M	;    E-Mail:        dflynn@oxfordvue.com
00011 0032      M	;    Web Site:      http://www.oxfordvue.com/
00012 0032      M	;
00013 0032      M	;=========================================================================================
00014 0032      M	;    History:
00015 0032      M	;
00016 0032      M	; 1.0.4  3/26/2020     Working with 16F18854
00017 0032      M	; 1.0.3  2/23/2020     Copied from F1847_Common and modified.
00018 0032      M	; 1.0.2  4/6/2019	Fixes to EERead/EEwrite
00019 0032      M	; 1.0.2 2/16/2019	Fix: added FSR0H to DecTimer.
00020 0032      M	; 1.0.1 11/21/2015	Updates DecTimer.
00021 0032      M	; 1.0   11/16/2013	Updated from F648A Common.inc
00022 0032      M	;
00023 0032      M	;=========================================================================================
00024 0032      M	; Routines:
00025 0032      M	;
00026 0032      M	; ClearRam	(2+0) Clears all RAM, call once before initializing variables, FSR0
00027 0032      M	; CopyToRam	(1+0) copy param memory (EEPROM) to ram, call once, FSR0, FSR1
00028 0032      M	; SaveParams	(1+0) copy ram to param memory (EEPROM), FSR0
00029 0032      M	;
00030 0032      M	;  Set FSR0H before calling these routines
00031 0032      M	; DecTimer4	(0+0) Decrement routine for 16 bit timers, FSR0
00032 0032      M	; DecTimer3
00033 0032      M	; DecTimer2
00034 0032      M	; DecTimer1
00035 0032      M	; DecTimer	(0+0) High byte of counter address in W
00036 0032      M	;
SMRRC.asm                                                             Page: 7
/Users/davidflynn/Projects/SerialMRRC/Firmware/

00037 0032      M	; TestT4_Zero	Test for 16 bit timers = zero
00038 0032      M	; TestT3_Zero	If Timer is zero return Z flag,1 else Z=0
00039 0032      M	; TestT2_Zero
00040 0032      M	; TestT1_Zero
00041 0032      M	;
00042 0032      M	; Delay10uS	(0+0)Delay uS    1 cycle = 1uS, 8Mhz clock version
00043 0032      M	; Delay100uS
00044 0032      M	; Delay40uS
00045 0032      M	; DelayWuS
00046 0032      M	;
00047 0032      M	; EEReadW	(0+0) Read EEPROM address in W
00048 0032      M	; EERead	(0+0) Read EEPROM address in EEAddrTemp
00049 0032      M	; EEWriteW	(0+0) Write EEPROM address in W, Data in EEDataTemp
00050 0032      M	; EEWrite	(0+0) Write EEPROM address in EEAdrTemp, Data in EEDataTemp, FSR0
00051 0032      M	;
00052 0032      M	;=========================================================================================
00053 0032      M		ifndef UseEEParams
00055 0032      M		endif
00056 0032      M	;=========================================================================================
00057 0032      M	; Clears all RAM
00058 0032      M	; Entry: none
00059 0032      M	; Exit: none
00060 0032      M	; RAM used: All
00061 0032      M	; Calls:(2+0) ClearRam_L2
00062 0032      M	;
00063 0032      M	; Banks 0..11 80 bytes, Bank 12 48 bytes
00064 0032      M	;
00065 0032 0140      M	ClearRam	MOVLB	0x00                   ;bank 0
00066 0033 305F      M		MOVLW	0x5F	;Clear 20h-7Eh, 95 bytes
00067 0034 00FF      M		MOVWF	Param7F
00068 0035 3020      M		MOVLW	0x20
00069 0036 0084      M		MOVWF	FSR0L
00070 0037 0185      M		CLRF	FSR0H
00071 0038 2057      M		CALL	ClearRam_L2
00072 0039      M	;
00073 0039 3050      M		MOVLW	0x50	;Clear Bank 1 A0h-EFh, 80 bytes
00074 003A 00FF      M		MOVWF	Param7F
00075 003B 30A0      M		MOVLW	0xA0
00076 003C 0084      M		MOVWF	FSR0L
00077 003D 2057      M		CALL	ClearRam_L2
00078 003E      M	;
00079 003E 0A85      M		INCF	FSR0H,F	
00080 003F 204E      M		CALL	ClearRam_2	;Banks 2,3
00081 0040 0A85      M		INCF	FSR0H,F	
00082 0041 204E      M		CALL	ClearRam_2	;Banks 4,5
00083 0042 0A85      M		INCF	FSR0H,F	
00084 0043 204E      M		CALL	ClearRam_2	;Banks 6,7
00085 0044 0A85      M		INCF	FSR0H,F	
00086 0045 204E      M		CALL	ClearRam_2	;Banks 8,9
00087 0046 0A85      M		INCF	FSR0H,F	
00088 0047 204E      M		CALL	ClearRam_2	;Banks 10,11
00089 0048      M	;
00090 0048 0A85      M		INCF	FSR0H,F	;Bank 12, 48 bytes
00091 0049 3030      M		movlw                  0x30
00092 004A 00FF      M		MOVWF	Param7F
00093 004B 3020      M		MOVLW	0x20
00094 004C 0084      M		MOVWF	FSR0L
00095 004D 3209      M		bra                    ClearRam_L2
00096 004E      M	;	
00097 004E 3050      M	ClearRam_2	MOVLW	0x50	;Clear 120h-16Fh, 80 bytes
00098 004F 00FF      M		MOVWF	Param7F
00099 0050 3020      M		MOVLW	0x20
00100 0051 0084      M		MOVWF	FSR0L
00101 0052 2057      M		CALL	ClearRam_L2
00102 0053      M	;
00103 0053 3050      M		MOVLW	0x50	;Clear A0h-EFh, 80 bytes
00104 0054 00FF      M		MOVWF	Param7F
00105 0055 30A0      M		MOVLW	0xA0
00106 0056 0084      M		MOVWF	FSR0L
00107 0057      M	;
00108 0057 0180      M	ClearRam_L2	CLRF	INDF0
00109 0058 0A84      M		INCF	FSR0L,F
00110 0059 0BFF      M		DECFSZ	Param7F,F
00111 005A 33FC      M		bra	ClearRam_L2
00112 005B 0008      M		RETURN
00113 005C      M	;
00114 005C      M		if UseEEParams
00115 005C      M	;==========================================================================
00116 005C      M	; copy param memory to ram
00117 005C      M	;
00118 005C 3000      M	CopyToRam	MOVLW	nvFirstParamByte	;0x00
00119 005D 00B0      M		MOVWF	EEAddrTemp
00120 005E 3040      M		MOVLW	FirstRAMParam	;Bank0 location
00121 005F 0086      M		MOVWF	FSR1L
00122 0060 0187      M		CLRF	FSR1H
00123 0061 20A7      M	CopyToRam_L1	CALL	EERead
00124 0062 001E      M		movwi	FSR1++
00125 0063 0AB0      M		INCF	EEAddrTemp,F
00126 0064 3045      M		MOVLW	LastRAMParam+1
00127 0065 0206      M		SUBWF	FSR1L,W
00128 0066 		SKPZ		;Past end?
00128 0066 1D03      M		BTFSS	STATUS,Z		BTFSS	STATUS,Z
00129 0067 33F9 		BRA	CopyToRam_L1	; not yet
00130 0068 0008 		RETURN
00131 0069 	;
00132 0069 	;===========================================================================
00133 0069 	; copy ram to param memory
00134 0069 	;
00135 0069 3000 	SaveParams	MOVLW	nvFirstParamByte
SMRRC.asm                                                             Page: 8
/Users/davidflynn/Projects/SerialMRRC/Firmware/

00136 006A 00B0 		MOVWF	EEAddrTemp
00137 006B 3040 		MOVLW	FirstRAMParam
00138 006C 0084 		MOVWF	FSR0L
00139 006D 0185 		CLRF	FSR0H
00140 006E 0012 	SaveParams_L1	moviw	FSR0++
00141 006F 00B1 		MOVWF	EEDataTemp
00142 0070 20B1 		CALL	EEWrite
00143 0071 0AB0 		INCF	EEAddrTemp,F
00144 0072 3045 		MOVLW	LastRAMParam+1	;last byte
00145 0073 0204 		SUBWF	FSR0L,W
00146 0074 		SKPZ
00146 0074 1D03      M		BTFSS	STATUS,Z		BTFSS	STATUS,Z
00147 0075 33F8 		BRA	SaveParams_L1
00148 0076 0008 		RETURN
00149 0077 	;
00150 0077 		endif
00151 0077 	;=====================================================================================================
00152 0077 	;=========================================================================================================
00153 0077 	; Decrement routine for 16 bit timers
00154 0077 	; Set FSR0H before calling these routines.
00155 0077 	;
00156 0077 3039 	DecTimer4	movlw	Timer4Hi
00157 0078 3205 		bra	DecTimer
00158 0079 3037 	DecTimer3	movlw	Timer3Hi
00159 007A 3203 		bra	DecTimer
00160 007B 3035 	DecTimer2	movlw	Timer2Hi
00161 007C 3201 		bra	DecTimer
00162 007D 3033 	DecTimer1	movlw	Timer1Hi
00163 007E 	;DecTimer
00164 007E 	; entry: FSR=Timer(n)Hi
00165 007E 0084 	DecTimer	MOVWF	FSR0L
00166 007F 3000 		movlw	High Timer4Hi
00167 0080 0085 		movwf	FSR0H
00168 0081 0013 		MOVIW	FSR0--	;TimerNHi
00169 0082 0400 		IORWF	INDF0,W	;TimerNLo
00170 0083 		SKPNZ
00170 0083 1903      M		BTFSC	STATUS,Z		BTFSC	STATUS,Z
00171 0084 0008 		RETURN
00172 0085 3001 		MOVLW	0x01
00173 0086 0280 		SUBWF	INDF0,F	;TimerNLo
00174 0087 0A84 		INCF	FSR0L,F
00175 0088 0103 		CLRW
00176 0089 3B80 		SUBWFB	INDF0,F	;TimerNHi
00177 008A 0008 		RETURN
00178 008B 	;
00179 008B 	;==============================================================================================
00180 008B 	; Test for 16 bit timers = zero
00181 008B 	;If Timer is zero return Z flag,1 else Z=0
00182 008B 	;
00183 008B 0140 	TestT4_Zero	movlb	0
00184 008C 0838 		movf	Timer4Lo,W
00185 008D 0439 		iorwf	Timer4Hi,W
00186 008E 0008 		return
00187 008F 	;
00188 008F 0140 	TestT3_Zero	movlb	0
00189 0090 0836 		movf	Timer3Lo,W
00190 0091 0437 		iorwf	Timer3Hi,W
00191 0092 0008 		return
00192 0093 	;
00193 0093 0140 	TestT2_Zero	movlb	0
00194 0094 0834 		movf	Timer2Lo,W
00195 0095 0435 		iorwf	Timer2Hi,W
00196 0096 0008 		return
00197 0097 	;
00198 0097 0140 	TestT1_Zero	movlb	0
00199 0098 0832 		movf	Timer1Lo,W
00200 0099 0433 		iorwf	Timer1Hi,W
00201 009A 0008 		return	
00202 009B 	;
00203 009B 		if oldCode
00219 009B 		endif
00220 009B 	;======================================================================================
00221 009B 	;Delay uS    1 cycle = .125uS, 32MHz clock version
00222 009B 	; RAM used: Param77
00223 009B 	; Calls:(0) none
00224 009B 	;
00225 009B 3005 	Delay10uS	MOVLW	0x05	;(2*3+5)/2=10
00226 009C 3203 		bra	DelayWuS
00227 009D 3041 	Delay100uS	MOVLW	d'65'	;(28*3+5)/2=100
00228 009E 3201 		bra	DelayWuS
00229 009F 3019 	Delay40uS	MOVLW	d'25'	;(11*3+5)=40
00230 00A0 00F7 	DelayWuS	MOVWF	Param77
00231 00A1 0000 	DelayWuS_Loop	nop
00232 00A2 0000 		nop
00233 00A3 0BF7 		DECFSZ	Param77,F
00234 00A4 33FC 		bra	DelayWuS_Loop
00235 00A5 0008 		RETURN
00236 00A6 	;
00237 00A6 		if UseEEParams
00238 00A6 	;==============================================================================================
00239 00A6 	; Read EEPROM
00240 00A6 	; entry: EEPROM address to read in W
00241 00A6 	;        Bank 0 selected
00242 00A6 	; exit: W=EEDATA, Bank 0 selected
00243 00A6 	;
00244 00A6 00B0 	EEReadW	movwf	EEAddrTemp
00245 00A7 	;
00246 00A7 	;==============================================================================================
00247 00A7 	; Read EEPROM
SMRRC.asm                                                             Page: 9
/Users/davidflynn/Projects/SerialMRRC/Firmware/

00248 00A7 	; entry: EEPROM address to read in EEAddrTemp
00249 00A7 	;        Bank 0 selected
00250 00A7 	; exit: W=EEDATA, Bank 0 selected
00251 00A7 	;
00252 00A7 0830 	EERead	movf	EEAddrTemp,W
00253 00A8 3E80 		addlw	low SAFAddress
00254 00A9 0084 		movwf	FSR0L
00255 00AA 301F 		movlw	high SAFAddress
00256 00AB 1789 		bsf	WREG,7
00257 00AC 0085 		movwf	FSR0H
00258 00AD 		movfw	INDF0
00258 00AD 0800      M		MOVF	INDF0,W		MOVF	src,W
00259 00AE 0140 		MOVLB	0x00	;Bank 0
00260 00AF 0008 		return
00261 00B0 	;
00262 00B0 	;==============================================================================================
00263 00B0 	; Write EEPROM
00264 00B0 	; entry: EEPROM address to write in W
00265 00B0 	;        EEPROM data to write in EEDataTemp
00266 00B0 	;        Bank 0 selected
00267 00B0 	; exit: Bank 0 selected
00268 00B0 	;
00269 00B0 00B0 	EEWriteW	movwf	EEAddrTemp
00270 00B1 	;
00271 00B1 	;==============================================================================================
00272 00B1 	; Write EEPROM
00273 00B1 	; Cannot be used by ISR.
00274 00B1 	; entry: EEPROM address to write in EEAdrTemp
00275 00B1 	;        EEPROM data to write in EEDataTemp
00276 00B1 	;        Bank 0 selected
00277 00B1 	; exit: Bank 0 selected
00278 00B1 	;
00279 00B1 0830 	EEWrite	MOVF	EEAddrTemp,W
00280 00B2 		
00281 00B2 0150 	                       movlb                  NVMADRL                ;bank 16
00282 00B3 3E80 	                       addlw	low SAFAddress
00283 00B4 009A 	                       movwf                  NVMADRL
00284 00B5 301F 		movlw                  high SAFAddress
00285 00B6 009B 		movwf                  NVMADRH
00286 00B7 0140 		movlb	0	;bank 0
00287 00B8 0831 		movf	EEDataTemp,W
00288 00B9 0150 		movlb	NVMADRL                ;bank 16
00289 00BA 009C 		movwf                  NVMDATL
00290 00BB 0103 		clrw
00291 00BC 009D 		movwf                  NVMDATH
00292 00BD 	;
00293 00BD 131E 	                       bcf                    NVMCON1,NVMCON1_NVMREGS	;Prog mem
00294 00BE 	;                      bsf                    NVMCON1,NVMCON1_FREE
00295 00BE 		
00296 00BE 	;
00297 00BE 138B 	EEWrite_L1	bcf	INTCON,GIE	;Disale Ints
00298 00BF 1B8B 		btfsc	INTCON,GIE
00299 00C0 33FD 		bra	EEWrite_L1
00300 00C1 	;
00301 00C1 151E 		bsf                    NVMCON1,NVMCON1_WREN
00302 00C2 3055 		movlw                  0x55
00303 00C3 009F 		movwf                  NVMCON2
00304 00C4 30AA 		movlw                  0xAA
00305 00C5 009F 		movwf                  NVMCON2
00306 00C6 149E 		bsf                    NVMCON1,NVMCON1_WR
00307 00C7 	;
00308 00C7 189E 	EEWriteLoop	btfsc	NVMCON1,NVMCON1_WR	
00309 00C8 33FE 		bra	EEWriteLoop
00310 00C9 111E 		bcf	NVMCON1,NVMCON1_WREN
00311 00CA 178B 		bsf	INTCON,GIE
00312 00CB 0140 		MOVLB	0x00	;Bank 0
00313 00CC 0008 		return	
00314 00CD 	;
00315 00CD 		endif
00316 00CD 	;	
00317 00CD 	;=========================================================================================
00318 00CD 	;=========================================================================================
00319 00CD 	;
00320 00CD 	;
00321 00CD 	;
00322 00CD 	;
00563 00CD 		if useRS232
00564 00CD 		include	SerBuff15345.inc
00001 00CD 	;=========================================================================================
00002 00CD 	;
00003 00CD 	;    Filename:      SerBuff18345.inc
00004 00CD 	;    Date:          2/29/2020                                
00005 00CD 	;    File Version:  1.0
00006 00CD 	;
00007 00CD 	;    Author:        David M. Flynn
00008 00CD 	;    Company:       Oxford V.U.E., Inc.
00009 00CD 	;    E-Mail:        dflynn@oxfordvue.com
00010 00CD 	;
00011 00CD 	;=========================================================================================
00012 00CD 	;=========================================================================================
00013 00CD 	; Notes:
00014 00CD 	;  Handles packet serial I/O on TX2/RX2
00015 00CD 	;
00016 00CD 	; History:
00017 00CD 	; 1.0      3/26/2020   Works with 16F18854
00018 00CD 	; 1.0b1    2/29/2020   Copied from SerBuff1938.inc
00019 00CD 	; 1.0.5    5/24/2018   Added GetSerInBytes.
00020 00CD 	; 1.0.4    5/23/2018	Added FlushInBuff.
00021 00CD 	; 1.0.3    12/15/2015	Optimized some code to be segment independent.
SMRRC.asm                                                             Page: 10
/Users/davidflynn/Projects/SerialMRRC/Firmware/

00022 00CD 	; 1.0.2    10/23/2015	Modified for 'F1938
00023 00CD 	; 1.0.1    12/6/2013	Modified for 'F1847
00024 00CD 	; 1.0      5/25/2008	First Rev'd version
00025 00CD 	;
00026 00CD 	;=========================================================================================
00027 00CD 	; Bank0 Variables:
00028 00CD 	;
00029 00CD 	;	cblock	0x20
00030 00CD 	;	TXByte		;Next byte to send
00031 00CD 	;	RXByte		;Last byte received
00032 00CD 	;	SerFlags
00033 00CD 	;	endc
00034 00CD 	;
00035 00CD 	;#Define	DataReceivedFlag	SerFlags,1
00036 00CD 	;#Define	DataSentFlag	SerFlags,2
00037 00CD 	;
00038 00CD 	; Bank2 Variables:
00039 00CD 	;#Define	Ser_Buff_Bank	2
00040 00CD 	;	cblock	0x120
00041 00CD 	;	Ser_In_Bytes		;Bytes in Ser_In_Buff
00042 00CD 	;	Ser_Out_Bytes		;Bytes in Ser_Out_Buff
00043 00CD 	;	Ser_In_InPtr
00044 00CD 	;	Ser_In_OutPtr
00045 00CD 	;	Ser_Out_InPtr
00046 00CD 	;	Ser_Out_OutPtr
00047 00CD 	;	Ser_In_Buff:20
00048 00CD 	;	Ser_Out_Buff:20
00049 00CD 	;	endc
00050 00CD 	;
00051 00CD 	;=========================================================================================
00052 00CD 	; Routines	(Bank In/Bank Out)
00053 00CD 	;
00054 00CD 	; TX_TheByte	(X/0) Send one byte to UART
00055 00CD 	; RX_TheByte	(X/0) Receive one byte from UART
00056 00CD 	; StoreSerIn	(X/0) Put the byte in W into the serial input buffer, FSR0
00057 00CD 	; GetSerIn	(X/0) Get a byte from the serial input buffer, FSR0
00058 00CD 	; FlushInBuff	(X/0) Flush the serial incoming buffer.
00059 00CD 	; GetSerInBytes	(X/0) Get the number of bytes in the serial input buffer
00060 00CD 	; GetSerOutBytes	(X/0) Get the number of bytes in the serial ouput buffer
00061 00CD 	; StoreSerOut	(X/0) Put the byte in W into the serial output buffer, FSR0
00062 00CD 	; POP_SerOut	(X/0) Remove the last char stored in the output buffer
00063 00CD 	; GetSerOut	(X/0) Get a byte from the serial Output buffer, FSR0
00064 00CD 	;	       W=Byte, Param78:0=ValidFlag
00065 00CD 	;=========================================================================================
00066 00CD 	;=========================================================================================
00067 00CD 	; *** Put in main loop ***
00068 00CD 	;
00069 00CD 	; Handle Serial Communications
00070 00CD 	;	BTFSC	PIR3,TX2IF	;TX done?
00071 00CD 	;	CALL	TX_TheByte	; Yes
00072 00CD 	;
00073 00CD 	; move any serial data received into the 32 byte input buffer
00074 00CD 	;	BTFSS	DataReceivedFlag
00075 00CD 	;	BRA	ML_Ser_Out
00076 00CD 	;	MOVF	RXByte,W
00077 00CD 	;	BCF	DataReceivedFlag
00078 00CD 	;	CALL	StoreSerIn
00079 00CD 	;
00080 00CD 	;=========================================================================================
00081 00CD 	; If the serial data has been sent and there are bytes in the buffer, send the next byte
00082 00CD 	;
00083 00CD 	;ML_Ser_Out	BTFSS	DataSentFlag
00084 00CD 	;	BRA	ML_Ser_End
00085 00CD 	;	CALL	GetSerOut
00086 00CD 	;	BTFSS	Param78,0
00087 00CD 	;	BRA	ML_Ser_End
00088 00CD 	;	MOVWF	TXByte
00089 00CD 	;	BCF	DataSentFlag
00090 00CD 	;ML_Ser_End
00091 00CD 	;
00092 00CD 	;=========================================================================================
00093 00CD 	; *** Put in Init section ***
00094 00CD 	;BAUDCON_Value	EQU	b'00001000'
00095 00CD 	;TXSTA_Value	EQU	b'00100100'	;8 bit, TX enabled, Async, High speed
00096 00CD 	;RCSTA_Value	EQU	b'10010000'	;RX enabled, 8 bit, Continious receive
00097 00CD 	;; 8MHz clock low speed (BRGH=0,BRG16=1)
00098 00CD 	;;Baud_300	EQU	d'1666'	;0.299, -0.02%
00099 00CD 	;;Baud_1200	EQU	d'416'	;1.199, -0.08%
00100 00CD 	;;Baud_2400	EQU	d'207'	;2.404, +0.16%
00101 00CD 	;;Baud_9600	EQU	d'51'	;9.615, +0.16%
00102 00CD 	;; 8MHz clock high speed (BRGH=1,BRG16=1)
00103 00CD 	;Baud_300	EQU	d'6666'	;0.299, -0.02%
00104 00CD 	;Baud_1200	EQU	d'1666'	;1.199, -0.08%
00105 00CD 	;Baud_2400	EQU	d'832'	;2.404, +0.16%
00106 00CD 	;Baud_9600	EQU	d'207'	;9.615, +0.16%
00107 00CD 	;Baud_19_2	EQU	d'103'	;19.23k, +0.16
00108 00CD 	;Baud_57_6	EQU	d'34'	;57.14k, -0.79
00109 00CD 	;BaudRate	EQU	Baud_9600
00110 00CD 	;-------------
00111 00CD 	;
00112 00CD 	; setup serial I/O
00113 00CD 	;	movlb	TX2STA	; bank 3
00114 00CD 	;	MOVLW	TX2STA_Value
00115 00CD 	;	MOVWF	TX2STA
00116 00CD 	;	MOVLW	low BaudRate
00117 00CD 	;	MOVWF	SP2BRGL
00118 00CD 	;	MOVLW	high BaudRate
00119 00CD 	;	MOVWF	SP2BRGH
00120 00CD 	;	MOVLW	RC2STA_Value
SMRRC.asm                                                             Page: 11
/Users/davidflynn/Projects/SerialMRRC/Firmware/

00121 00CD 	;	MOVWF	RC2STA
00122 00CD 	;
00123 00CD 	;	movlb	PIE3	; bank ?
00124 00CD 	;	BSF	PIE3,RC2IE	; Serial Receive interupt
00125 00CD 	;	movlb	0x00	; bank 0
00126 00CD 	;	BSF	INTCON,PEIE	;Peripheral IRQ Enable
00127 00CD 	;	BSF	INTCON,GIE
00128 00CD 	;
00129 00CD 	;=========================================================================================
00130 00CD 	; *** Put in ISR ***
00131 00CD 	;-----------------------------------------------------------------------------------------
00132 00CD 	;AUSART Serial ISR
00133 00CD 	;
00134 00CD 	;IRQ_Ser	BTFSS	PIR3,RC2IF	;RX has a byte?
00135 00CD 	;	BRA	IRQ_Ser_End
00136 00CD 	;	CALL	RX_TheByte
00137 00CD 	;
00138 00CD 	;IRQ_Ser_End
00139 00CD 	;
00140 00CD 	;=========================================================================================
00141 00CD 	; Send one byte
00142 00CD 	; Entry: 
00143 00CD 	; Exit: Bank0
00144 00CD 	;
00145 00CD 	;
00146 00CD 0140 	TX_TheByte	movlb                  0                      ;bank 0
00147 00CE 193C 	                       BTFSC	DataSentFlag
00148 00CF 0008 		RETURN
00149 00D0 083A 		MOVF	TXByte,W	
00150 00D1 0154 		movlb	TX2REG                  ;bank ?
00151 00D2 009A 		MOVWF	TX2REG
00152 00D3 0140 		MOVLB	0                      ;bank 0
00153 00D4 153C 		BSF	DataSentFlag
00154 00D5 0008 		RETURN
00155 00D6 	;
00156 00D6 	;=========================================================================================
00157 00D6 	;
00158 00D6 0154 	RX_TheByte	movlb	RC2STA	; bank ?
00159 00D7 081D 		MOVF	RC2STA,W
00160 00D8 3906 		ANDLW	0x06
00161 00D9 		SKPZ		;Frame or Overrun Err?
00161 00D9 1D03      M		BTFSS	STATUS,Z		BTFSS	STATUS,Z
00162 00DA 3205 		BRA	RX_TheByte_Err	; yes
00163 00DB 	;
00164 00DB 0819 		movf	RC2REG,W
00165 00DC 0140 		movlb	0	; bank 0
00166 00DD 00BB 		MOVWF	RXByte
00167 00DE 14BC 		BSF	DataReceivedFlag
00168 00DF 0008 		RETURN
00169 00E0 	;
00170 00E0 0819 	RX_TheByte_Err	MOVF	RC2REG,W	;bad byte so drop it
00171 00E1 121D 		BCF	RC2STA,RC2STA_CREN     ;disable receiver
00172 00E2 111D 		BCF	RC2STA,RC2STA_FERR
00173 00E3 109D 		BCF	RC2STA,RC2STA_OERR
00174 00E4 161D 		BSF	RC2STA,RC2STA_CREN     ;enable receiver
00175 00E5 0140 		movlb	0                      ;bank 0
00176 00E6 01BB 		CLRF	RXByte
00177 00E7 0008 		RETURN
00178 00E8 	;
00179 00E8 	;=========================================================================================
00180 00E8 	;=========================================================================================
00181 00E8 	; Put the byte in W into the serial input buffer
00182 00E8 	;
00183 00E8 	; Entry: W = byte to store
00184 00E8 	; Exit: none
00185 00E8 	; Ram Used: Param78, FSR
00186 00E8 	;
00187 00E8 00F8 	StoreSerIn	MOVWF	Param78
00188 00E9 0142 		MOVLB	Ser_Buff_Bank
00189 00EA 0AA0 		INCF	Ser_In_Bytes,F
00190 00EB 	;	
00191 00EB 0822 		MOVF	Ser_In_InPtr,W
00192 00EC 391F 		ANDLW	0x1F
00193 00ED 0AA2 		INCF	Ser_In_InPtr,F
00194 00EE 3E26 		ADDLW	low Ser_In_Buff
00195 00EF 0084 		MOVWF	FSR0L
00196 00F0 3001 		MOVLW	high Ser_In_Buff
00197 00F1 0085 		MOVWF	FSR0H
00198 00F2 0878 		MOVF	Param78,W
00199 00F3 0080 		MOVWF	INDF0
00200 00F4 0140 		MOVLB	0x00
00201 00F5 0008 		RETURN
00202 00F6 	;
00203 00F6 	;=========================================================================================
00204 00F6 	; Get a byte from the serial input buffer
00205 00F6 	;
00206 00F6 	; Entry: none
00207 00F6 	; Exit: W=byte from buffer, Param78,0=valid
00208 00F6 	;
00209 00F6 0142 	GetSerIn	MOVLB	Ser_Buff_Bank
00210 00F7 1078 		BCF	Param78,0	;no data
00211 00F8 08A0 		MOVF	Ser_In_Bytes,F
00212 00F9 		SKPNZ
00212 00F9 1903      M		BTFSC	STATUS,Z		BTFSC	STATUS,Z
00213 00FA 320A 		bra	GetSerIn_End
00214 00FB 1478 		BSF	Param78,0
00215 00FC 03A0 		DECF	Ser_In_Bytes,F
00216 00FD 0823 		MOVF	Ser_In_OutPtr,W
00217 00FE 391F 		ANDLW	0x1F
SMRRC.asm                                                             Page: 12
/Users/davidflynn/Projects/SerialMRRC/Firmware/

00218 00FF 0AA3 		INCF	Ser_In_OutPtr,F
00219 0100 3E26 		ADDLW	low Ser_In_Buff
00220 0101 0084 		MOVWF	FSR0L
00221 0102 3001 		MOVLW	high Ser_In_Buff
00222 0103 0085 		MOVWF	FSR0H
00223 0104 0800 		MOVF	INDF0,W
00224 0105 0140 	GetSerIn_End	movlb	0
00225 0106 0008 		return
00226 0107 	;
00227 0107 	;=========================================================================================
00228 0107 	; Flush the serial incoming buffer
00229 0107 	; Entry: none
00230 0107 	; Exit: bank 0
00231 0107 	;
00232 0107 0142 	FlushInBuff	movlb	Ser_Buff_Bank
00233 0108 01A0 		clrf	Ser_In_Bytes
00234 0109 01A3 		clrf	Ser_In_OutPtr
00235 010A 01A2 		clrf	Ser_In_InPtr
00236 010B 0140 		movlb	0
00237 010C 0008 		return
00238 010D 	;
00239 010D 	;=========================================================================================
00240 010D 	; Get the number of bytes in the serial input buffer
00241 010D 	;
00242 010D 	; Entry: none
00243 010D 	; Exit: W=bytes in buffer, Z
00244 010D 	;
00245 010D 0142 	GetSerInBytes	MOVLB	Ser_Buff_Bank
00246 010E 0820 		MOVF	Ser_In_Bytes,W
00247 010F 0140 		movlb	0
00248 0110 0008 		return
00249 0111 	;
00250 0111 	;=========================================================================================
00251 0111 	; Get the number of bytes in the serial ouput buffer
00252 0111 	;
00253 0111 	; Entry: none
00254 0111 	; Exit: W=bytes in buffer, Z
00255 0111 	;
00256 0111 0142 	GetSerOutBytes	MOVLB	Ser_Buff_Bank
00257 0112 0821 		MOVF	Ser_Out_Bytes,W
00258 0113 0140 		movlb	0
00259 0114 0008 		return
00260 0115 	;
00261 0115 	;=========================================================================================
00262 0115 	; Put the byte in W into the serial output buffer
00263 0115 	;
00264 0115 	; Entry: W = byte to store
00265 0115 	; Exit: Param78 & W = byte stored, Bank 0
00266 0115 	; Ram used: Param78, FSR0
00267 0115 	; Calls: (0) none
00268 0115 	;
00269 0115 00F8 	StoreSerOut	MOVWF	Param78
00270 0116 0142 		MOVLB	Ser_Buff_Bank
00271 0117 0AA1 		INCF	Ser_Out_Bytes,F
00272 0118 	;	
00273 0118 0824 		MOVF	Ser_Out_InPtr,W
00274 0119 391F 		ANDLW	0x1F
00275 011A 0AA4 		INCF	Ser_Out_InPtr,F
00276 011B 3E46 		ADDLW	low Ser_Out_Buff
00277 011C 0084 		MOVWF	FSR0L
00278 011D 3001 		MOVLW	high Ser_In_Buff
00279 011E 0085 		MOVWF	FSR0H
00280 011F 0878 		MOVF	Param78,W
00281 0120 0080 		MOVWF	INDF0
00282 0121 0140 		movlb	0
00283 0122 0008 		return
00284 0123 	;
00285 0123 	;=========================================================================================
00286 0123 	; Remove the last char stored in the output buffer
00287 0123 	;
00288 0123 0142 	POP_SerOut	MOVLB	Ser_Buff_Bank
00289 0124 08A1 		MOVF	Ser_Out_Bytes,F
00290 0125 		SKPNZ
00290 0125 1903      M		BTFSC	STATUS,Z		BTFSC	STATUS,Z
00291 0126 3202 		bra	POP_SerOut_End
00292 0127 03A1 		DECF	Ser_Out_Bytes,F
00293 0128 03A4 		DECF	Ser_Out_InPtr,F
00294 0129 0140 	POP_SerOut_End	movlb	0
00295 012A 0008 		return
00296 012B 	;
00297 012B 	;=========================================================================================
00298 012B 	; Get a byte from the serial Output buffer
00299 012B 	;
00300 012B 	; Entry: none
00301 012B 	; Exit: W=byte from buffer, Param78,0=valid
00302 012B 	;
00303 012B 0142 	GetSerOut	MOVLB	Ser_Buff_Bank
00304 012C 1078 		BCF	Param78,0	;no data
00305 012D 08A1 		MOVF	Ser_Out_Bytes,F
00306 012E 		SKPNZ
00306 012E 1903      M		BTFSC	STATUS,Z		BTFSC	STATUS,Z
00307 012F 320A 		bra	GetSerOut_End
00308 0130 1478 		BSF	Param78,0
00309 0131 03A1 		DECF	Ser_Out_Bytes,F
00310 0132 0825 		MOVF	Ser_Out_OutPtr,W
00311 0133 391F 		ANDLW	0x1F
00312 0134 0AA5 		INCF	Ser_Out_OutPtr,F
00313 0135 3E46 		ADDLW	low Ser_Out_Buff
00314 0136 0084 		MOVWF	FSR0L
SMRRC.asm                                                             Page: 13
/Users/davidflynn/Projects/SerialMRRC/Firmware/

00315 0137 3001 		MOVLW	high Ser_In_Buff
00316 0138 0085 		MOVWF	FSR0H
00317 0139 0800 		MOVF	INDF0,W
00318 013A 0140 	GetSerOut_End	movlb	0
00319 013B 0008 		return
00320 013C 	;
00321 013C 	;=========================================================================================
00322 013C 	;
00323 013C 	;
00324 013C 	;
00325 013C 	;
00326 013C 	;
00327 013C 	;
00328 013C 	;
00329 013C 	;
00330 013C 	;
00331 013C 	;
00332 013C 	;
00333 013C 	;
00334 013C 	;
00335 013C 	;
00336 013C 	;
00337 013C 	;
00338 013C 	;
00339 013C 	;
00340 013C 	;
00341 013C 	;
00565 013C 		include	RS232_Parse.inc
00001 013C 	;=========================================================================================
00002 013C 	;
00003 013C 	;    Filename:      RS232_Parse.inc
00004 013C 	;    Date:          5/25/2018
00005 013C 	;    File Version:  1.0d5
00006 013C 	;
00007 013C 	;    Author:        David M. Flynn
00008 013C 	;    Company:       Oxford V.U.E., Inc.
00009 013C 	;    E-Mail:        dflynn@oxfordvue.com
00010 013C 	;
00011 013C 	;=========================================================================================
00012 013C 	; Routines:
00013 013C 	;
00014 013C 	; RS232_Parse	Call from main loop
00015 013C 	; RS232_ClearTXData	Clear the TX data, FSR1
00016 013C 	; RS232_Send	Send the data at TX_data, FSR0, FSR1
00017 013C 	;
00018 013C 	;=========================================================================================
00019 013C 	; Notes:
00020 013C 	;
00021 013C 	; History:
00022 013C 	; 1.0b5  5/25/2018	RS232_MasterAddr, RS232_SlaveAddr now in ram
00023 013C 	; 1.0d4  5/18/2018	Added RS232_ClearTXData, RS232_Send.
00024 013C 	; 1.0d3  5/17/2018	Used Timer1Lo for RXTimeout.
00025 013C 	; 1.0d2  4/26/2018	Comments, used in robot arm project.
00026 013C 	; 1.0d1  1/12/2016	Modified for I2C to RS-232 8 byte packets.
00027 013C 	; 1.0d1  11/9/2015	Adapted for QD Tester
00028 013C 	; 1.0    12/6/2013	First Rev'd version
00029 013C 	;
00030 013C 	; RS232_Parse	(X/0) Parse any bytes received by the serial port
00031 013C 	; Packet format: (FF FF) SA0 (SA1) DA0 (DA1) D0 D1 D2 D3 D4 D5 D6 D7 (CS)
00032 013C 	;  FF = Sync byte, SAn = Source Address, DA = Destination Address,
00033 013C 	;       Dn = Data, CS Check Sum (xor of Address and Data bytes)
00034 013C 	;  SA must be RS232_RAddr ( the boss )
00035 013C 	;  DA must be RS232_MyAddr ( this program )
00036 013C 	;  If the checksum matches put the data bytes in the RX_Data buffer,
00037 013C 	;   set RXDataValidFlag and RXDataIsNew.
00038 013C 	;=========================================================================================
00039 013C 	;	constant RP_LongAddr=1		;16 bit addresses
00040 013C 	; default to a 6 byte packet SA DA D0 D1 D2 D3
00041 013C 	;
00042 013C 		ifndef UseRS232SyncBytes
00044 013C 		endif
00045 013C 	;
00046 013C 		ifndef UseRS232SendSyncBytes
00048 013C 		endif
00049 013C 	;
00050 013C 		ifndef RP_LongAddr
00052 013C 		endif
00053 013C 	;
00054 013C 		ifndef RP_DataBytes
00056 013C 		endif
00057 013C 	;
00058 013C 		ifndef UseRS232Chksum
00060 013C 		endif
00061 013C 	;
00062 013C 		constant RXTimeout=5		;50 mS max between incoming bytes
00063 013C 	;=========================================================================================
00064 013C 	; Bank0 variable used by RS232_Parse:
00065 013C 	;
00066 013C 	;	cblock
00067 013C 	;	RS232_MasterAddr
00068 013C 	;	RS232_SlaveAddr
00069 013C 	;	endc
00070 013C 	;
00071 013C 	; Bank1 variable used by RS232_Parse:
00072 013C 	;
00073 013C 	;	cblock
00074 013C 	;	RX_ParseFlags
00075 013C 	;	RX_Flags
00076 013C 	;	RX_DataCount
SMRRC.asm                                                             Page: 14
/Users/davidflynn/Projects/SerialMRRC/Firmware/

00077 013C 	;	RX_CSUM
00078 013C 	;	RX_TempData:RP_DataBytes
00079 013C 	;	RX_Data:RP_DataBytes
00080 013C 	;	TX_Data:RP_DataBytes
00081 013C 	;	endc
00082 013C 	;RX_ParseFlags Bits
00083 013C 00A0 	#Define	SyncByte1RXd	RX_ParseFlags,0
00084 013C 00A0 	#Define	SyncByte2RXd	RX_ParseFlags,1
00085 013C 00A0 	#Define	SourceAddLoRXd	RX_ParseFlags,2
00086 013C 00A0 	#Define	SourceAddHiRXd	RX_ParseFlags,3
00087 013C 00A0 	#Define	DestAddLoRXd	RX_ParseFlags,4
00088 013C 00A0 	#Define	DestAddHiRXd	RX_ParseFlags,5
00089 013C 00A0 	#Define	AllDataRXd	RX_ParseFlags,6
00090 013C 	;
00091 013C 	;RX_Flags Bits
00092 013C 00A1 	#Define	RXDataValidFlag	RX_Flags,0
00093 013C 00A1 	#Define	RXDataIsNew	RX_Flags,1
00094 013C 00A1 	#Define	RXSrcIsMaster	RX_Flags,2
00095 013C 00A1 	#Define	RXDstIsMe	RX_Flags,3
00096 013C 	;
00097 013C 	;
00098 013C 	; *** put in main loop
00099 013C 	;	CALL	RS232_Parse
00100 013C 	; if RXDataValidFlag is set data may be used
00101 013C 	;
00102 013C 	;=========================================================================================
00103 013C 	; Parse any bytes received by the serial port
00104 013C 	;
00105 013C 	; Receive 0xDD,0xDD,SA0,(SA1),DA0,(DA1),Cmd,Data0,Data1,Data2,CS
00106 013C 	;
00107 013C 	;
00108 013C 	; Entry: none
00109 013C 	; Exit: none
00110 013C 	; Ram Used: Param78, FSR
00111 013C 	; Calls (1+0): GetSerIn
00112 013C 	;
00113 013C 0141 	RS232_Parse	movlb	0x01	;bank 1
00114 013D 08A0 		movf	RX_ParseFlags,F
00115 013E 		SKPNZ		;Receive in process?
00115 013E 1903      M		BTFSC	STATUS,Z		BTFSC	STATUS,Z
00116 013F 3207 		bra	RS232_Parse_Byte	; no
00117 0140 	;
00118 0140 0140 		movlb	0	;bank 0
00119 0141 08B2 		movf	Timer1Lo,F
00120 0142 		SKPZ		;Timed out?
00120 0142 1D03      M		BTFSS	STATUS,Z		BTFSS	STATUS,Z
00121 0143 3203 		bra	RS232_Parse_Byte	; no
00122 0144 	;timed out
00123 0144 15BC 		bsf	ssRX_Timeout
00124 0145 0141 		movlb	0x01	;bank 1
00125 0146 01A0 		clrf	RX_ParseFlags
00126 0147 	;
00127 0147 20F6 	RS232_Parse_Byte	CALL	GetSerIn
00128 0148 1C78 		BTFSS	Param78,0	;Got a byte?
00129 0149 0008 		RETURN		; No
00130 014A 	;
00131 014A 00F8 		MOVWF	Param78	;Data Byte RXd
00132 014B 3005 		movlw	RXTimeout	;Reset time-out timer
00133 014C 00B2 		movwf	Timer1Lo
00134 014D 	; Command inturpreter
00135 014D 		if UseRS232SyncBytes
00136 014D 	;
00137 014D 0141 		movlb	0x01	;bank 1
00138 014E 08A0 		MOVF	RX_ParseFlags,F
00139 014F 		SKPZ		;Beginning new packet?
00139 014F 1D03      M		BTFSS	STATUS,Z		BTFSS	STATUS,Z
00140 0150 3205 		BRA	RS232_Parse_Sync2	; No
00141 0151 30DD 		MOVLW	kRS232SyncByteValue
00142 0152 0278 		SUBWF	Param78,W
00143 0153 		SKPNZ		;Sync byte OK?
00143 0153 1903      M		BTFSC	STATUS,Z		BTFSC	STATUS,Z
00144 0154 1420 		BSF	SyncByte1RXd	; Yes
00145 0155 3218 		bra	RS232_Parse_Rtn
00146 0156 	;
00147 0156 18A0 	RS232_Parse_Sync2	btfsc	SyncByte2RXd
00148 0157 3206 		bra	RS232_Parse_SALo
00149 0158 30DD 		movlw	kRS232SyncByteValue
00150 0159 0278 		subwf	Param78,W
00151 015A 		SKPZ
00151 015A 1D03      M		BTFSS	STATUS,Z		BTFSS	STATUS,Z
00152 015B 29AB 		goto	RS232_Parse_Error
00153 015C 14A0 		bsf	SyncByte2RXd
00154 015D 3210 		bra	RS232_Parse_Rtn
00155 015E 		endif
00156 015E 	;
00157 015E 	; LSB of Source Address
00158 015E 0141 	RS232_Parse_SALo	movlb	0x01	;bank 1
00159 015F 1920 		btfsc	SourceAddLoRXd
00160 0160 320F 		bra	RS232_Parse_SALo_end
00161 0161 	;
00162 0161 01A3 		clrf	RX_CSUM
00163 0162 01A2 		clrf	RX_DataCount
00164 0163 1521 		bsf	RXSrcIsMaster
00165 0164 0140 		movlb	0
00166 0165 0841 		movf	RS232_MasterAddr,W
00167 0166 0141 		movlb	1
00168 0167 0278 		subwf	Param78,W
00169 0168 		SKPZ
00169 0168 1D03      M		BTFSS	STATUS,Z		BTFSS	STATUS,Z
SMRRC.asm                                                             Page: 15
/Users/davidflynn/Projects/SerialMRRC/Firmware/

00170 0169 1121 		bcf	RXSrcIsMaster
00171 016A 1520 		bsf	SourceAddLoRXd
00172 016B 0878 		movf	Param78,W
00173 016C 00A4 		movwf	RX_SrcAdd	;Save for later
00174 016D 07A3 		addwf	RX_CSUM,F
00175 016E 0140 	RS232_Parse_Rtn	movlb	0x00	;bank 0
00176 016F 0008 		return
00177 0170 	RS232_Parse_SALo_end:
00178 0170 	;
00179 0170 	; MSB of Source Address
00180 0170 		if RP_LongAddr
00195 0170 		endif
00196 0170 	;
00197 0170 	; LSB of Destination Address
00198 0170 1A20 	RS232_Parse_DALo	btfsc	DestAddLoRXd
00199 0171 320C 		bra	RS232_Parse_DALo_End
00200 0172 15A1 		bsf	RXDstIsMe
00201 0173 0140 		movlb	0
00202 0174 0842 		movf	RS232_SlaveAddr,W
00203 0175 0141 		movlb	1
00204 0176 0278 		subwf	Param78,W
00205 0177 		SKPZ
00205 0177 1D03      M		BTFSS	STATUS,Z		BTFSS	STATUS,Z
00206 0178 11A1 		bcf	RXDstIsMe
00207 0179 1620 		bsf	DestAddLoRXd
00208 017A 0878 		movf	Param78,W
00209 017B 00A5 		movwf	RX_DstAdd	;Save for later
00210 017C 07A3 		addwf	RX_CSUM,F
00211 017D 33F0 		bra	RS232_Parse_Rtn
00212 017E 	RS232_Parse_DALo_End:
00213 017E 	;
00214 017E 	; MSB of Destination Address
00215 017E 		if RP_LongAddr
00230 017E 		endif
00231 017E 	;
00232 017E 1B20 	RS232_Parse_Data	btfsc	AllDataRXd
00233 017F 320F 		bra	RS232_Parse_Data_end
00234 0180 	; setup pointer to RX_TempData
00235 0180 0822 		movf	RX_DataCount,W
00236 0181 3EA6 		addlw	low RX_TempData
00237 0182 0084 		movwf	FSR0L
00238 0183 3000 		movlw	high RX_TempData
00239 0184 0085 		movwf	FSR0H
00240 0185 	;
00241 0185 0878 		movf	Param78,W
00242 0186 07A3 		addwf	RX_CSUM,F
00243 0187 0080 		movwf	INDF0	;Save for later
00244 0188 0AA2 		incf	RX_DataCount,F
00245 0189 3004 		movlw	RP_DataBytes
00246 018A 0222 		subwf	RX_DataCount,W
00247 018B 		SKPZ		;All bytes received?
00247 018B 1D03      M		BTFSS	STATUS,Z		BTFSS	STATUS,Z
00248 018C 33E1 		bra	RS232_Parse_Rtn	; No
00249 018D 1720 		bsf	AllDataRXd	; Yes
00250 018E 	;
00251 018E 		if UseRS232Chksum
00252 018E 33DF 		bra	RS232_Parse_Rtn
00253 018F 		endif
00254 018F 	;
00255 018F 	RS232_Parse_Data_end:
00256 018F 	;
00257 018F 		if UseRS232Chksum
00258 018F 	; checksum
00259 018F 30FF 		movlw	0xFF
00260 0190 0623 		xorwf	RX_CSUM,W
00261 0191 0278 		subwf	Param78,W
00262 0192 		SKPZ		;Checksum matches?
00262 0192 1D03      M		BTFSS	STATUS,Z		BTFSS	STATUS,Z
00263 0193 3217 		bra	RS232_Parse_Error	; No
00264 0194 	;
00265 0194 		endif
00266 0194 	;
00267 0194 	; Copy RP_DataBytes bytes of data from RX_TempData to RX_Data
00268 0194 	;
00269 0194 30A6 		movlw	low RX_TempData
00270 0195 0084 		movwf	FSR0L
00271 0196 3000 		movlw	high RX_TempData
00272 0197 0085 		movwf	FSR0H
00273 0198 	;
00274 0198 30AA 		movlw	low RX_Data
00275 0199 0086 		movwf	FSR1L
00276 019A 3000 		movlw	high RX_Data
00277 019B 0087 		movwf	FSR1H
00278 019C 	;
00279 019C 3004 		movlw	RP_DataBytes
00280 019D 00F8 		movwf	Param78
00281 019E 0012 	RS232_Parse_L1	moviw	FSR0++
00282 019F 001E 		movwi	FSR1++
00283 01A0 0BF8 		decfsz	Param78,F
00284 01A1 33FC 		bra	RS232_Parse_L1
00285 01A2 	;
00286 01A2 14A1 		bsf	RXDataIsNew	;good packet rx'd
00287 01A3 1421 		bsf	RXDataValidFlag	;Addr from Master to Me?
00288 01A4 1D21 		btfss	RXSrcIsMaster	;from master?
00289 01A5 1021 		bcf	RXDataValidFlag	; no
00290 01A6 1DA1 		btfss	RXDstIsMe	;to me?
00291 01A7 1021 		bcf	RXDataValidFlag	; no
00292 01A8 	;
00293 01A8 01A0 		clrf	RX_ParseFlags
SMRRC.asm                                                             Page: 16
/Users/davidflynn/Projects/SerialMRRC/Firmware/

00294 01A9 	;	
00295 01A9 0140 		movlb	0x00
00296 01AA 0008 		return
00297 01AB 	;
00298 01AB 	;
00299 01AB 	; We didn't get the sync byte we were expecting so restart the parser
00300 01AB 	;
00301 01AB 01A0 	RS232_Parse_Error	CLRF	RX_ParseFlags
00302 01AC 2907 		goto	FlushInBuff
00303 01AD 	;
00304 01AD 	;=========================================================================================
00305 01AD 	; Clear the TX data, unused bytes are sent as 0x00
00306 01AD 	; Entry: none
00307 01AD 	; Exit: Bank 0
00308 01AD 	; Ram used: Param78, FSR1
00309 01AD 	; Calls: none
00310 01AD 3001 	RS232_ClearTXData	movlw	1	;bank 1
00311 01AE 3004 		movlw	RP_DataBytes
00312 01AF 00F8 		movwf	Param78
00313 01B0 30AE 		movlw	low TX_Data
00314 01B1 0086 		movwf	FSR1L
00315 01B2 3000 		movlw	high TX_Data
00316 01B3 0087 		movwf	FSR1H
00317 01B4 3000 		movlw	0x00
00318 01B5 001E 	RS232_ClearTXData_L1	movwi	FSR1++
00319 01B6 0BF8 		decfsz	Param78,F
00320 01B7 33FD 		bra	RS232_ClearTXData_L1
00321 01B8 0140 		movlb	0x00
00322 01B9 0008 		return
00323 01BA 	;
00324 01BA 	;=========================================================================================
00325 01BA 	; Send a data packet
00326 01BA 	;
00327 01BA 	;Entry: TX_Data = Data to send 
00328 01BA 	;Exit: TX_Data is cleared
00329 01BA 	;Ram used: Param78,Param79,Param7A,FSR0,FSR1
00330 01BA 	;Calls: (1+0) StoreSerOut
00331 01BA 	;
00332 01BA 	RS232_Send:
00333 01BA 	;
00334 01BA 		if UseRS232SendSyncBytes
00341 01BA 		endif
00342 01BA 	;
00343 01BA 0140 		movlb	0x00	;bank 0
00344 01BB 01FA 		clrf	Param7A	;CSum
00345 01BC 0842 		movf	RS232_SlaveAddr,W	;source address
00346 01BD 06FA 		xorwf	Param7A,F
00347 01BE 2115 		call	StoreSerOut
00348 01BF 	;
00349 01BF 		if RP_LongAddr
00353 01BF 		endif
00354 01BF 	;
00355 01BF 0841 		movf	RS232_MasterAddr,W	;destination address
00356 01C0 06FA 		xorwf	Param7A,F
00357 01C1 2115 		call	StoreSerOut
00358 01C2 	;
00359 01C2 		if RP_LongAddr
00363 01C2 		endif
00364 01C2 	;
00365 01C2 0141 		movlb	1	;bank 1
00366 01C3 3004 		movlw	RP_DataBytes
00367 01C4 00F9 		movwf	Param79
00368 01C5 30AE 		movlw	low TX_Data
00369 01C6 0086 		movwf	FSR1L
00370 01C7 3000 		movlw	high TX_Data
00371 01C8 0087 		movwf	FSR1H
00372 01C9 	;
00373 01C9 0016 	RS232_Send_L1	moviw	FSR1++
00374 01CA 06FA 		xorwf	Param7A,F
00375 01CB 2115 		call	StoreSerOut
00376 01CC 0BF9 		decfsz	Param79,F
00377 01CD 33FB 		bra	RS232_Send_L1
00378 01CE 	;
00379 01CE 		if UseRS232Chksum
00380 01CE 087A 		movf	Param7A,W
00381 01CF 2115 		call	StoreSerOut
00382 01D0 		endif
00383 01D0 	;
00384 01D0 29AD 		goto	RS232_ClearTXData
00385 01D1 	;
00386 01D1 	;=========================================================================================
00387 01D1 	;
00388 01D1 	;
00389 01D1 	;
00390 01D1 	;
00391 01D1 	;
00392 01D1 	;
00393 01D1 	;
00394 01D1 	;
00395 01D1 	;
00396 01D1 	;
00397 01D1 	;
00398 01D1 	;
00399 01D1 	;
00400 01D1 	;
00401 01D1 	;
00402 01D1 	;
00403 01D1 	;
00404 01D1 	;
SMRRC.asm                                                             Page: 17
/Users/davidflynn/Projects/SerialMRRC/Firmware/

00405 01D1 	;
00406 01D1 	;
00407 01D1 	;
00408 01D1 	;
00409 01D1 	;
00410 01D1 	;
00566 01D1 		endif
00567 01D1 	;
00568 01D1 2203 	start	call	InitializeIO
00569 01D2 	;
00570 01D2 	;=========================================================================================
00571 01D2 	;*****************************************************************************************
00572 01D2 	;=========================================================================================
00573 01D2 	;
00574 01D2 0000 	MainLoop	nop
00575 01D3 	;	CLRWDT
00576 01D3 0000 		nop
00577 01D4 		nop
00578 01D4 	;----------------------
00579 01D4 	;
00580 01D4 0140 		movlb	0	;bank 0
00581 01D5 0840 		movf	SysMode,W
00582 01D6 000B 		brw
00583 01D7 29FF 		goto	DoModeZero
00584 01D8 2A00 		goto	DoModeOne
00585 01D9 2A01 		goto	DoModeTwo
00586 01DA 2A02 		goto	DoModeThree
00587 01DB 	;
00588 01DB 	ModeReturn:
00589 01DB 	;
00590 01DB 	;
00591 01DB 0140 		movlb	0
00592 01DC 	;
00593 01DC 	;-----------------------------------------------------------------------------------------
00594 01DC 		if useRS232
00595 01DC 	;-----------------------
00596 01DC 	; Handle serial from Mac on USB
00597 01DC 	; If there are byte in the input buffer send them to the parser.
00598 01DC 210D 		call	GetSerInBytes
00599 01DD 		SKPZ		;Any data?
00599 01DD 1D03      M		BTFSS	STATUS,Z		BTFSS	STATUS,Z
00600 01DE 213C 		CALL	RS232_Parse	; yes
00601 01DF 	;
00602 01DF 	;---------------------
00603 01DF 	; Handle Serial Communications
00604 01DF 	;
00605 01DF 0141 		movlb	RX_Flags               ;bank 1
00606 01E0 1CA1 		btfss	RXDataIsNew
00607 01E1 3203 		bra	ML_1
00608 01E2 		mLongCall	HandleRXData
00608 01E2 3188      M		movlp	HandleRXData	                       movlp                  Destination
00608 01E3 2004      M		call	HandleRXData	                       call                   Destination
00608 01E4 3181      M		movlp	$	                       movlp                  $
00609 01E5 	ML_1:
00610 01E5 	;
00611 01E5 014E 		movlb	PIR3                   ;bank 14
00612 01E6 1B0F 		BTFSC	PIR3,TX2IF	;TX done?
00613 01E7 20CD 		CALL	TX_TheByte	; Yes
00614 01E8 	;
00615 01E8 	; move any serial data received into the 32 byte input buffer
00616 01E8 0140 	                       movlb                  0                      ;bank 0
00617 01E9 1CBC 		BTFSS	DataReceivedFlag
00618 01EA 3203 		BRA	ML_Ser_Out
00619 01EB 083B 		MOVF	RXByte,W
00620 01EC 10BC 		BCF	DataReceivedFlag
00621 01ED 20E8 		CALL	StoreSerIn
00622 01EE 	;
00623 01EE 	; If the serial data has been sent and there are bytes in the buffer, send the next byte
00624 01EE 	;
00625 01EE 1D3C 	ML_Ser_Out	BTFSS	DataSentFlag
00626 01EF 3205 		BRA	ML_Ser_End
00627 01F0 212B 		CALL	GetSerOut
00628 01F1 1C78 		BTFSS	Param78,0
00629 01F2 3202 		BRA	ML_Ser_End
00630 01F3 00BA 		MOVWF	TXByte
00631 01F4 113C 		BCF	DataSentFlag
00632 01F5 	ML_Ser_End:
00633 01F5 		endif		; if useRS232
00634 01F5 	;-----------------------------------------------------------------------------------------
00635 01F5 		if useRS485
00636 01F5 	;
00637 01F5 	; If there are byte in the input buffer send them to the parser.
00638 01F5 22EB 		call	GetSer485InBytes
00639 01F6 		SKPZ		;Any data?
00639 01F6 1D03      M		BTFSS	STATUS,Z		BTFSS	STATUS,Z
00640 01F7 231A 		CALL	RS485_Parse	; yes
00641 01F8 	;
00642 01F8 	; Handle RS-485 Serial Communications
00643 01F8 	;
00644 01F8 2298 		CALL	TX_The485Byte
00645 01F9 	;
00646 01F9 	; move any serial data received into the 32 byte input buffer
00647 01F9 1CBF 		BTFSS	RS485DataReceivedFlag
00648 01FA 3203 		bra	ML_Ser485_End
00649 01FB 083E 		MOVF	RX485Byte,W
00650 01FC 10BF 		BCF	RS485DataReceivedFlag
00651 01FD 22C6 		CALL	StoreSer485In
00652 01FE 	;
00653 01FE 	ML_Ser485_End:
SMRRC.asm                                                             Page: 18
/Users/davidflynn/Projects/SerialMRRC/Firmware/

00654 01FE 	;
00655 01FE 		endif
00656 01FE 	;-----------------------------------------------------------------------------------------
00657 01FE 	;
00658 01FE 	;
00659 01FE 33D3 		bra	MainLoop
00660 01FF 	;
00661 01FF 	;=========================================================================================
00662 01FF 	;*****************************************************************************************
00663 01FF 	;=========================================================================================
00664 01FF 	; Mode 0  Master Control, RS-232 to USB, RS-485 to Railroad
00665 01FF 	;
00666 01FF 29DB 	DoModeZero	goto	ModeReturn
00667 0200 	;
00668 0200 	;=========================================================================================
00669 0200 	; 
00670 0200 	;
00671 0200 29DB 	DoModeOne	goto	ModeReturn
00672 0201 	;
00673 0201 	;=========================================================================================
00674 0201 	;
00675 0201 	;
00676 0201 29DB 	DoModeTwo	goto	ModeReturn
00677 0202 	;
00678 0202 	;=========================================================================================
00679 0202 	; 
00680 0202 	;
00681 0202 29DB 	DoModeThree	goto	ModeReturn
00682 0203 	;
00683 0203 	;=========================================================================================
00684 0203 	; ***************************************************************************************
00685 0203 	;=========================================================================================
00686 0203 	; Initialization routine for PIC16F18854 based BLDC_Drive.
00687 0203 	; Call once before starting main loop.
00688 0203 	;
00689 0203 0150 	InitializeIO	movlb	WDTCON0
00690 0204 3026 		movlw	b'00100110'	;longest and off
00691 0205 008C 		movwf	WDTCON0
00692 0206 	;
00693 0206 017E 		movlb	ANSELA                 ;bank 30
00694 0207 3000 		movlw	PortA_ANSel_Value
00695 0208 00B8 		movwf	ANSELA
00696 0209 01BB 		clrf	SLRCONA	;No slew
00697 020A 01BC 		clrf	INLVLA	;TTL levels
00698 020B 3000 		movlw	PortB_ANSel_Value
00699 020C 00C3 		movwf                  ANSELB
00700 020D 3000 		movlw	PortC_ANSel_Value
00701 020E 00CE 		movwf	ANSELC
00702 020F 01D1 		clrf	SLRCONC	;No slew
00703 0210 01D2 		clrf	INLVLC	;TTL levels
00704 0211 	;
00705 0211 0140 		movlb	0	;bank 0
00706 0212 3000 		movlw	PortA_Init_Value
00707 0213 0098 		movwf	LATA
00708 0214 3000 		movlw                  PortB_Init_Value
00709 0215 0099 		movwf                  LATB
00710 0216 3000 		movlw	PortC_Init_Value
00711 0217 009A 		movwf	LATC
00712 0218 	;
00713 0218 30FF 	                       movlw                  PortA_Tris_Bits
00714 0219 0092 	                       movwf                  TRISA
00715 021A 30AF 	                       movlw                  PortB_Tris_Bits
00716 021B 0093 	                       movwf                  TRISB
00717 021C 30FF 	                       movlw                  PortC_Tris_Bits
00718 021D 0094 	                       movwf                  TRISC
00719 021E 	;
00720 021E 	; clear memory to zero
00721 021E 2032 		CALL	ClearRam
00722 021F 0064 		CLRWDT
00723 0220 		if UseEEParams
00724 0220 205C 		CALL	CopyToRam
00725 0221 		endif
00726 0221 	;
00727 0221 	;-----------------------
00728 0221 	;Setup T0 for 100/s
00729 0221 	;
00730 0221 0089 	T0CON0_Value	equ	b'10001001'	;T0EN, 8bit timer, 1:10 Postscaler
00731 0221 0056 	T0CON1_Value	equ	b'01010110'	;Fosc/4, sync, 1:64 perscaler
00732 0221 007D 	TMR0H_Value	equ	.125
00733 0221 	;
00734 0221 014B 		movlb	T0CON0
00735 0222 3089 		movlw	T0CON0_Value
00736 0223 009E 		movwf	T0CON0
00737 0224 3056 		movlw	T0CON1_Value
00738 0225 009F 		movwf	T0CON1
00739 0226 307D 		movlw	TMR0H_Value
00740 0227 009D 		movwf	TMR0H
00741 0228 179E 		bsf	T0CON0,T0EN
00742 0229 014E 		movlb	PIE0
00743 022A 1696 		bsf	PIE0,TMR0IE
00744 022B 0140 		movlb	0
00745 022C 170B 		bsf	INTCON,PEIE	; enable periferal interupts
00746 022D 178B 		bsf	INTCON,GIE	; enable interupts
00747 022E 	;
00748 022E 3064 		MOVLW	LEDTIME
00749 022F 00A0 		MOVWF	SysLED_Time
00750 0230 01A1 		clrf	SysLED_Blinks
00751 0231 01A2 		clrf	SysLED_BlinkCount
00752 0232 3001 		movlw	0x01
SMRRC.asm                                                             Page: 19
/Users/davidflynn/Projects/SerialMRRC/Firmware/

00753 0233 00A3 		movwf	SysLEDCount	;start blinking right away
00754 0234 1112 		bcf	SysLEDTris	;LED ON
00755 0235 3064 		MOVLW	LEDTIME
00756 0236 00A0 		MOVWF	SysLED_Time
00757 0237 3064 		movlw	.100
00758 0238 00B8 		movwf	Timer4Lo	;ignor buttons for 1st second
00759 0239 	;
00760 0239 	;=========================================================================================
00761 0239 		if useRS232
00762 0239 	;
00763 0239 	; setup serial I/O on RC0/TX2 In/Out, RC1/RX2 In
00764 0239 	;
00765 0239 017D 		movlb	RX2DTPPS	;bank 29
00766 023A 3011 		movlw	0x11	;RC1, default
00767 023B 00CD 		movwf	RX2DTPPS	; input
00768 023C 3010 		movlw	0x10	;RC0, default
00769 023D 00CE 		movwf	TX2CKPPS	; input
00770 023E 	;
00771 023E 017E 		movlb	RC0PPS                 ;bank 30
00772 023F 3011 		movlw	0x11	;TX2/CK2  output signal
00773 0240 00A0 		movwf	RC0PPS	; output
00774 0241 	;
00775 0241 0154 		movlb	BAUD2CON	;bank 2
00776 0242 3008 		movlw	BAUD2CON_Value
00777 0243 009F 		movwf	BAUD2CON
00778 0244 30CF 		MOVLW	low BaudRate
00779 0245 009B 		MOVWF	SP2BRGL
00780 0246 3000 		MOVLW	high BaudRate
00781 0247 009C 		MOVWF	SP2BRGH
00782 0248 	;
00783 0248 179D 		bsf	RC2STA,RC2STA_SPEN	;Enable Serial port
00784 0249 161D 		bsf	RC2STA,RC2STA_CREN
00785 024A 	;
00786 024A 121E 		bcf	TX2STA,TX2STA_SYNC
00787 024B 151E 		bsf	TX2STA,TX2STA_BRGH
00788 024C 169E 		bsf	TX2STA,TX2STA_TXEN
00789 024D 	;
00790 024D 	;
00791 024D 	;
00792 024D 014E 		movlb	PIE3	; bank 14
00793 024E 1799 		BSF	PIE3,RC2IE	; Serial Receive interupt
00794 024F 0140 		movlb	0
00795 0250 153C 		bsf	DataSentFlag
00796 0251 		endif
00797 0251 	;=========================================================================================
00798 0251 		if useRS485
00799 0251 	;
00800 0251 	; setup serial I/O on RB7/TX1, RB5/RX1, RB4/nRE, RB6/DE
00801 0251 	;
00802 0251 	;Note:using dfault values
00803 0251 	; Configure pins
00804 0251 017D 		movlb	RX1DTPPS	;bank 29
00805 0252 300D 		movlw	0x0D	;RB5, default
00806 0253 00CB 		movwf	RX1DTPPS
00807 0254 300F 		movlw	0x0F	;RB7, default
00808 0255 00CC 		movwf	TX1CKPPS
00809 0256 	;
00810 0256 017E 		movlb	RB7PPS                 ;bank 30, Output pin routing
00811 0257 300F 		movlw	0x0F	;TX1/CK1  signal
00812 0258 009F 		movwf	RB7PPS
00813 0259 	; Set baud rate
00814 0259 0142 		movlb	BAUD1CON	;bank 2
00815 025A 3008 		movlw	BAUD1CON_Value
00816 025B 009F 		movwf	BAUD1CON
00817 025C 30CF 		MOVLW	low RS485BaudRate
00818 025D 009B 		MOVWF	SP1BRGL
00819 025E 3000 		MOVLW	high RS485BaudRate
00820 025F 009C 		MOVWF	SP1BRGH
00821 0260 	;
00822 0260 179D 		bsf	RC1STA,RC1STA_SPEN	;Enable Serial port
00823 0261 161D 		bsf	RC1STA,RC1STA_CREN	;Continuous Receive
00824 0262 	;
00825 0262 121E 		bcf	TX1STA,TX1STA_SYNC	;Asynchronous
00826 0263 151E 		bsf	TX1STA,TX1STA_BRGH	;High Speed
00827 0264 129E 		bcf	TX1STA,TX1STA_TXEN	;Transmitter Off
00828 0265 	;
00829 0265 	; Enable Receive
00830 0265 0140 		movlb	0
00831 0266 1319 		bcf	RS485DE	;DriverEnable=0
00832 0267 1219 		bcf	RS485nRE	;nRecieverEnable=0
00833 0268 103F 		bcf	RS485TXActive
00834 0269 	;
00835 0269 	;
00836 0269 014E 		movlb	PIE3	; bank 14
00837 026A 1699 		BSF	PIE3,RC1IE	; Serial Receive interupt
00838 026B 0140 		movlb	0
00839 026C 153F 		bsf	RS485DataSentFlag
00840 026D 		endif
00841 026D 	;
00842 026D 	;=========================================================================================
00843 026D 	;
00844 026D 	;
00845 026D 0140 		movlb	0
00846 026E 0008 		return
00847 026F 	;
00848 026F 	;=========================================================================================
00849 026F 	;
00850 026F 		if useRS485
00851 026F 		include	SerBuffRS485_15345.inc
SMRRC.asm                                                             Page: 20
/Users/davidflynn/Projects/SerialMRRC/Firmware/

00001 026F 	;=========================================================================================
00002 026F 	;
00003 026F 	;    Filename:      SerBuffRS485_15345.inc
00004 026F 	;    Created:  4/5/2025                               
00005 026F 	;    Revision:  1.0d1      4/5/2025
00006 026F 	;
00007 026F 	;    Author:        David M. Flynn
00008 026F 	;    Company:       Oxford V.U.E., Inc.
00009 026F 	;    E-Mail:        dflynn@oxfordvue.com
00010 026F 	;
00011 026F 	;=========================================================================================
00012 026F 	;=========================================================================================
00013 026F 	; Notes:
00014 026F 	;  Handles RS-485 packet serial I/O on TX1/RX1
00015 026F 	;  Simplex data, the receiver is always on the transmitter is only active when needed.
00016 026F 	;
00017 026F 	; History:
00018 026F 	; 1.0d1      4/5/2025	Converted from SerBuff_18854 Rev 1.0
00019 026F 	;
00020 026F 	;=========================================================================================
00021 026F 	; Bank0 Variables:
00022 026F 	;
00023 026F 	;	cblock	0x20
00024 026F 	;	TX485Byte		;Next byte to send
00025 026F 	;	RX485Byte		;Last byte received
00026 026F 	;	Ser485Flags
00027 026F 	;	endc
00028 026F 	;
00029 026F 	;#define	RS485TXActive	Ser485Flags,0
00030 026F 	;#Define	RS485DataReceivedFlag	Ser485Flags,1
00031 026F 	;#Define	RS485DataSentFlag	Ser485Flags,2
00032 026F 	;#Define	RS485RX_Timeout	Ser485Flags,3	;cleared by host read
00033 026F 	;#Define	RS485DestAddLoRXd	Ser485Flags,4
00034 026F 	;#Define	RS485SourceAddLoRXd	Ser485Flags,5
00035 026F 	;
00036 026F 	; Bank4 Variables:
00037 026F 	;#Define	Ser485_Buff_Bank	4
00038 026F 	;	cblock	0x120
00039 026F 	;	Ser485_In_Bytes		;Bytes in Ser_In_Buff
00040 026F 	;	Ser485_Out_Bytes		;Bytes in Ser_Out_Buff
00041 026F 	;	Ser485_In_InPtr
00042 026F 	;	Ser485_In_OutPtr
00043 026F 	;	Ser485_Out_InPtr
00044 026F 	;	Ser485_Out_OutPtr
00045 026F 	;	Ser485_In_Buff:20
00046 026F 	;	Ser485_Out_Buff:20
00047 026F 	;	endc
00048 026F 	;
00049 026F 	;=========================================================================================
00050 026F 	; Routines	(Bank In/Bank Out)
00051 026F 	;
00052 026F 	; TX_The485Byte	(X/0) Send one byte to UART
00053 026F 	; RX_The485Byte	(X/0) Receive one byte from UART
00054 026F 	; StoreSer485In	(X/0) Put the byte in W into the serial input buffer, FSR0
00055 026F 	; GetSer485In	(X/0) Get a byte from the serial input buffer, FSR0
00056 026F 	; Flush485InBuff	(X/0) Flush the serial incoming buffer.
00057 026F 	; GetSer485InBytes	(X/0) Get the number of bytes in the serial input buffer
00058 026F 	; GetSer485OutBytes	(X/0) Get the number of bytes in the serial ouput buffer
00059 026F 	; StoreSer485Out	(X/0) Put the byte in W into the serial output buffer, FSR0
00060 026F 	; POP_Ser485Out	(X/0) Remove the last char stored in the output buffer
00061 026F 	; GetSer485Out	(X/0) Get a byte from the serial Output buffer, FSR0
00062 026F 	;	       W=Byte, Param78:0=ValidFlag
00063 026F 	; RS485DeactivateTX	(X/0) If TX is Idle disable it. RS485TXActive=0
00064 026F 	; RS485ActivateTX	(X/0) RS485TXActive=1
00065 026F 	;=========================================================================================
00066 026F 	;=========================================================================================
00067 026F 	; *** Put in main loop ***
00068 026F 	;
00069 026F 	; Handle RS-485 Serial Communications
00070 026F 	;	btfss	RS485TXActive	;In transmit mode?
00071 026F 	;	bra	RS485NoTX	; No
00072 026F 	;	movlb	PIR3
00073 026F 	;	BTFSS	PIR3,TX1IF	;TX done?
00074 026F 	;	BRA	RS485TX_End
00075 026F 	;	CALL	TX_The485Byte	; Yes
00076 026F 	;RS485TX_End:
00077 026F 	;
00078 026F 	; move any serial data received into the 32 byte input buffer
00079 026F 	;RS485NoTX	BTFSS	RS485DataReceivedFlag
00080 026F 	;	BRA	ML_Ser485_Out
00081 026F 	;	MOVF	RX485Byte,W
00082 026F 	;	BCF	RS485DataReceivedFlag
00083 026F 	;	CALL	StoreSer485In
00084 026F 	;
00085 026F 	;=========================================================================================
00086 026F 	; If the serial data has been sent and there are bytes in the buffer, send the next byte
00087 026F 	;
00088 026F 	;ML_Ser485_Out	BTFSS	RS485DataSentFlag
00089 026F 	;	BRA	ML_Ser485_End
00090 026F 	;	CALL	GetSer485Out
00091 026F 	;	BTFSS	Param78,0
00092 026F 	;	BRA	ML_Ser485_End
00093 026F 	;	MOVWF	TX485Byte
00094 026F 	;	BCF	RS485DataSentFlag
00095 026F 	;ML_Ser485_End
00096 026F 	;
00097 026F 	;=========================================================================================
00098 026F 	; *** Put in Init section ***
00099 026F 	;BAUDCON_Value	EQU	b'00001000'
SMRRC.asm                                                             Page: 21
/Users/davidflynn/Projects/SerialMRRC/Firmware/

00100 026F 	;TXSTA_Value	EQU	b'00100100'	;8 bit, TX enabled, Async, High speed
00101 026F 	;RCSTA_Value	EQU	b'10010000'	;RX enabled, 8 bit, Continious receive
00102 026F 	;; 8MHz clock low speed (BRGH=0,BRG16=1)
00103 026F 	;;Baud_300	EQU	d'1666'	;0.299, -0.02%
00104 026F 	;;Baud_1200	EQU	d'416'	;1.199, -0.08%
00105 026F 	;;Baud_2400	EQU	d'207'	;2.404, +0.16%
00106 026F 	;;Baud_9600	EQU	d'51'	;9.615, +0.16%
00107 026F 	;; 8MHz clock high speed (BRGH=1,BRG16=1)
00108 026F 	;Baud_300	EQU	d'6666'	;0.299, -0.02%
00109 026F 	;Baud_1200	EQU	d'1666'	;1.199, -0.08%
00110 026F 	;Baud_2400	EQU	d'832'	;2.404, +0.16%
00111 026F 	;Baud_9600	EQU	d'207'	;9.615, +0.16%
00112 026F 	;Baud_19_2	EQU	d'103'	;19.23k, +0.16
00113 026F 	;Baud_57_6	EQU	d'34'	;57.14k, -0.79
00114 026F 	;BaudRate	EQU	Baud_9600
00115 026F 	;; 32MHz clock low speed (BRGH=1,BRG16=1)
00116 026F 	;Baud_300	EQU	.26666	;300, 0.00%
00117 026F 	;Baud_1200	EQU	.6666	;1200, 0.00%
00118 026F 	;Baud_2400	EQU	.3332	;2400, +0.01%
00119 026F 	;Baud_9600	EQU	.832	;9604, +0.04%
00120 026F 	;Baud_19200	EQU	.416	;19.18k, -0.08%
00121 026F 	;Baud_38400	EQU	.207	;38.46k, +0.16%
00122 026F 	;Baud_57600	EQU	.138	;57.55k, -0.08%
00123 026F 	;BaudRate	EQU	Baud_38400
00124 026F 	;-------------
00125 026F 	;
00126 026F 	; setup serial I/O
00127 026F 	;	movlb	TX1STA	; bank 3
00128 026F 	;	MOVLW	TX1STA_Value
00129 026F 	;	MOVWF	TX1STA
00130 026F 	;	MOVLW	low BaudRate
00131 026F 	;	MOVWF	SP1BRGL
00132 026F 	;	MOVLW	high BaudRate
00133 026F 	;	MOVWF	SP1BRGH
00134 026F 	;	MOVLW	RC1STA_Value
00135 026F 	;	MOVWF	RC1STA
00136 026F 	;
00137 026F 	;	movlb	PIE3	; bank ?
00138 026F 	;	BSF	PIE3,RC1IE	; Serial Receive interupt
00139 026F 	;	movlb	0x00	; bank 0
00140 026F 	;	BSF	INTCON,PEIE	;Peripheral IRQ Enable
00141 026F 	;	BSF	INTCON,GIE
00142 026F 	;
00143 026F 	;=========================================================================================
00144 026F 	; *** Put in ISR ***
00145 026F 	;-----------------------------------------------------------------------------------------
00146 026F 	;AUSART Serial ISR
00147 026F 	;
00148 026F 	;IRQ_RS_485	BTFSS	PIR3,RC1IF	;RX has a byte?
00149 026F 	;	BRA	IRQ_RS_485_End
00150 026F 	;	CALL	RX_The485Byte
00151 026F 	;
00152 026F 	;IRQ_RS_485_End
00153 026F 	;
00154 026F 	;=========================================================================================
00155 026F 	; ***************************************************************************************
00156 026F 	;=========================================================================================
00157 026F 	; If TX is Idle disable it.
00158 026F 	;
00159 026F 0140 	RS485DeactivateTX	movlb	0	;bank 0
00160 0270 1C3F 		btfss	RS485TXActive	;TX mode?
00161 0271 320F 		bra	RS485DeactivateTX_End	; No, we're done here
00162 0272 	; finish TX if there are bytes in the buffer
00163 0272 1D3F 		btfss	RS485DataSentFlag	;Byte is waiting?
00164 0273 320D 		bra	RS485DeactivateTX_End	; Yes, do nothing
00165 0274 	;
00166 0274 014E 		movlb	PIR3	;bank 14
00167 0275 1E0F 		btfss	PIR3,TX1IF	;TX done?
00168 0276 320A 		bra	RS485DeactivateTX_End	; No
00169 0277 0142 		movlb	TX1STA	;bank 2
00170 0278 1C9E 		btfss	TX1STA,TX1STA_TRMT	;bits all shifted?
00171 0279 3207 		bra	RS485DeactivateTX_End	; No, not yet
00172 027A 	;
00173 027A 0142 	RS485DeactivateTX_1	movlb	TX1STA
00174 027B 129E 		bcf	TX1STA,TX1STA_TXEN	;Transmitter Off
00175 027C 	;
00176 027C 0140 		movlb	0	;bank 0
00177 027D 103F 		bcf	RS485TXActive
00178 027E 1319 		bcf	RS485DE	;DriverEnable=0
00179 027F 1219 		bcf	RS485nRE	;nRecieverEnable=0
00180 0280 	;tc
00181 0280 17AE 		bsf	LED2_Active
00182 0281 	;etc
00183 0281 0140 	RS485DeactivateTX_End	movlb	0
00184 0282 	;tc
00185 0282 17AE 		bsf	LED2_Active
00186 0283 	;etc	
00187 0283 0008 		return
00188 0284 	;
00189 0284 	;=========================================================================================
00190 0284 	; If nothing is being received activate the TX
00191 0284 	;
00192 0284 0140 	RS485ActivateTX	movlb	0	;bank 0
00193 0285 183F 		btfsc	RS485TXActive	;TX is active?
00194 0286 320F 		bra	RS485ActivateTX_End	; Yes, do nothing
00195 0287 	;
00196 0287 18BF 		btfsc	RS485DataReceivedFlag	;Data?
00197 0288 320D 		bra	RS485ActivateTX_End	; Yes, do nothing
00198 0289 	;
SMRRC.asm                                                             Page: 22
/Users/davidflynn/Projects/SerialMRRC/Firmware/

00199 0289 0141 		movlb	1
00200 028A 08A0 		movf	RX485_ParseFlags,F
00201 028B 		SKPZ		;Receive in progress?
00201 028B 1D03      M		BTFSS	STATUS,Z		BTFSS	STATUS,Z
00202 028C 3209 		bra	RS485ActivateTX_End	; Yes, do nothing
00203 028D 	;
00204 028D 	; Enable the transmitter
00205 028D 0140 		movlb	0	;bank 0
00206 028E 143F 		bsf	RS485TXActive
00207 028F 1719 		bsf	RS485DE	;DriverEnable=1
00208 0290 1219 		bcf	RS485nRE	;nRecieverEnable=0
00209 0291 	;
00210 0291 0142 		movlb	TX1STA	;bank2
00211 0292 169E 		bsf	TX1STA,TX1STA_TXEN
00212 0293 	;	bcf	TX1STA,TX1STA_SYNC
00213 0293 0140 		movlb	0	;bank 0
00214 0294 	;tc
00215 0294 162E 		bsf	LED1_Active
00216 0295 13AE 		bcf	LED2_Active
00217 0296 	;etc	
00218 0296 	;
00219 0296 0140 	RS485ActivateTX_End	movlb	0	;bank 0
00220 0297 0008 		return
00221 0298 	;
00222 0298 	;=========================================================================================
00223 0298 	; Send one byte
00224 0298 	;  If there is a byte to send then turn on the TX and send it.
00225 0298 	;  If there is nothing to send then turn off the TX
00226 0298 	;
00227 0298 	; Entry: 
00228 0298 	; Exit: Bank0
00229 0298 	;
00230 0298 	;
00231 0298 0140 	TX_The485Byte	movlb                  0                      ;bank 0
00232 0299 1D3F 	                       btfss	RS485DataSentFlag	;Byte to send?
00233 029A 3205 	                       bra	TX_The485Byte_1	; yes
00234 029B 	;
00235 029B 	;See if there is a byte thet needs sending
00236 029B 2309 	                       call	GetSer485Out	;get the next byte
00237 029C 1C78 		btfss	Param78,0	;We have a byte?
00238 029D 3211 		bra	TX_The485Byte_NoData	; No
00239 029E 00BD 		movwf	TX485Byte	; in bank 0
00240 029F 113F 		bcf	RS485DataSentFlag
00241 02A0 	;
00242 02A0 	; We have a byte to send is TX on?
00243 02A0 1C3F 	TX_The485Byte_1	btfss	RS485TXActive	;In transmit mode?
00244 02A1 2284 		call	RS485ActivateTX	; No
00245 02A2 1C3F 		btfss	RS485TXActive	;In transmit mode?
00246 02A3 3209 		bra	TX_The485Byte_End	; No
00247 02A4 	; TX buffer empty?
00248 02A4 014E 		movlb	PIR3
00249 02A5 1E0F 		btfss	PIR3,TX1IF	;TX done?
00250 02A6 3206 		bra	TX_The485Byte_End
00251 02A7 	; Send it
00252 02A7 0140 		movlb	0	;bank 0
00253 02A8 083D 		movf	TX485Byte,W	
00254 02A9 0142 		movlb	TX1REG                 ;bank 2
00255 02AA 009A 		movwf	TX1REG
00256 02AB 0140 		movlb	0                      ;bank 0
00257 02AC 153F 		bsf	RS485DataSentFlag
00258 02AD 	;
00259 02AD 0140 	TX_The485Byte_End	movlb	0	;bank 0
00260 02AE 0008 		return
00261 02AF 	;
00262 02AF 	; There is no data, if the TX is on turn it off
00263 02AF 	TX_The485Byte_NoData:
00264 02AF 	;tc
00265 02AF 	;	bsf	LED2_Active
00266 02AF 	;etc	
00267 02AF 0140 		movlb	0	;bank 0
00268 02B0 183F 		btfsc	RS485TXActive
00269 02B1 	;	btfsc	RS485DE
00270 02B1 226F 		call	RS485DeactivateTX
00271 02B2 0008 		return
00272 02B3 	;
00273 02B3 	;=========================================================================================
00274 02B3 	;
00275 02B3 0142 	RX_The485Byte	movlb	RC1STA	; bank ?
00276 02B4 081D 		MOVF	RC1STA,W
00277 02B5 3906 		ANDLW	0x06
00278 02B6 		SKPZ		;Frame or Overrun Err?
00278 02B6 1D03      M		BTFSS	STATUS,Z		BTFSS	STATUS,Z
00279 02B7 3206 		bra	RX_The485Byte_Err	; yes
00280 02B8 	;
00281 02B8 0142 	RX_The485Byte_1	movlb	RC1REG
00282 02B9 0819 		movf	RC1REG,W
00283 02BA 0140 		movlb	0	; bank 0
00284 02BB 00BE 		MOVWF	RX485Byte
00285 02BC 14BF 		bsf	RS485DataReceivedFlag
00286 02BD 0008 		return
00287 02BE 	;
00288 02BE 0819 	RX_The485Byte_Err	MOVF	RC1REG,W	;bad byte so drop it
00289 02BF 121D 		BCF	RC1STA,RC1STA_CREN     ;disable receiver
00290 02C0 111D 		BCF	RC1STA,RC1STA_FERR
00291 02C1 109D 		BCF	RC1STA,RC1STA_OERR
00292 02C2 161D 		BSF	RC1STA,RC1STA_CREN     ;enable receiver
00293 02C3 0140 		movlb	0                      ;bank 0
00294 02C4 01BE 		clrf	RX485Byte
00295 02C5 0008 		return
SMRRC.asm                                                             Page: 23
/Users/davidflynn/Projects/SerialMRRC/Firmware/

00296 02C6 	;
00297 02C6 	;=========================================================================================
00298 02C6 	;=========================================================================================
00299 02C6 	; Put the byte in W into the serial input buffer
00300 02C6 	;
00301 02C6 	; Entry: W = byte to store
00302 02C6 	; Exit: none
00303 02C6 	; Ram Used: Param78, FSR
00304 02C6 	;
00305 02C6 00F8 	StoreSer485In	MOVWF	Param78
00306 02C7 0144 		MOVLB	Ser485_Buff_Bank
00307 02C8 0AB4 		INCF	Ser485_In_Bytes,F
00308 02C9 	;	
00309 02C9 0836 		MOVF	Ser485_In_InPtr,W
00310 02CA 391F 		ANDLW	0x1F
00311 02CB 0AB6 		INCF	Ser485_In_InPtr,F
00312 02CC 3E3A 		ADDLW	low Ser485_In_Buff
00313 02CD 0084 		MOVWF	FSR0L
00314 02CE 3002 		MOVLW	high Ser485_In_Buff
00315 02CF 0085 		MOVWF	FSR0H
00316 02D0 0878 		MOVF	Param78,W
00317 02D1 0080 		MOVWF	INDF0
00318 02D2 0140 		MOVLB	0x00
00319 02D3 0008 		RETURN
00320 02D4 	;
00321 02D4 	;=========================================================================================
00322 02D4 	; Get a byte from the serial input buffer
00323 02D4 	;
00324 02D4 	; Entry: none
00325 02D4 	; Exit: W=byte from buffer, Param78,0=valid
00326 02D4 	;
00327 02D4 0144 	GetSer485In	MOVLB	Ser485_Buff_Bank
00328 02D5 1078 		BCF	Param78,0	;no data
00329 02D6 08B4 		MOVF	Ser485_In_Bytes,F
00330 02D7 		SKPNZ
00330 02D7 1903      M		BTFSC	STATUS,Z		BTFSC	STATUS,Z
00331 02D8 320A 		bra	GetSer485In_End
00332 02D9 1478 		BSF	Param78,0
00333 02DA 03B4 		DECF	Ser485_In_Bytes,F
00334 02DB 0837 		MOVF	Ser485_In_OutPtr,W
00335 02DC 391F 		ANDLW	0x1F
00336 02DD 0AB7 		INCF	Ser485_In_OutPtr,F
00337 02DE 3E3A 		ADDLW	low Ser485_In_Buff
00338 02DF 0084 		MOVWF	FSR0L
00339 02E0 3002 		MOVLW	high Ser485_In_Buff
00340 02E1 0085 		MOVWF	FSR0H
00341 02E2 0800 		MOVF	INDF0,W
00342 02E3 0140 	GetSer485In_End	movlb	0
00343 02E4 0008 		return
00344 02E5 	;
00345 02E5 	;=========================================================================================
00346 02E5 	; Flush the serial incoming buffer
00347 02E5 	; Entry: none
00348 02E5 	; Exit: bank 0
00349 02E5 	;
00350 02E5 0144 	Flush485InBuff	movlb	Ser485_Buff_Bank
00351 02E6 01B4 		clrf	Ser485_In_Bytes
00352 02E7 01B7 		clrf	Ser485_In_OutPtr
00353 02E8 01B6 		clrf	Ser485_In_InPtr
00354 02E9 0140 		movlb	0
00355 02EA 0008 		return
00356 02EB 	;
00357 02EB 	;=========================================================================================
00358 02EB 	; Get the number of bytes in the serial input buffer
00359 02EB 	;
00360 02EB 	; Entry: none
00361 02EB 	; Exit: W=bytes in buffer, Z
00362 02EB 	;
00363 02EB 0144 	GetSer485InBytes	MOVLB	Ser485_Buff_Bank
00364 02EC 0834 		MOVF	Ser485_In_Bytes,W
00365 02ED 0140 		movlb	0
00366 02EE 0008 		return
00367 02EF 	;
00368 02EF 	;=========================================================================================
00369 02EF 	; Get the number of bytes in the serial ouput buffer
00370 02EF 	;
00371 02EF 	; Entry: none
00372 02EF 	; Exit: W=bytes in buffer, Z
00373 02EF 	;
00374 02EF 0144 	GetSer485OutBytes	MOVLB	Ser485_Buff_Bank
00375 02F0 0835 		MOVF	Ser485_Out_Bytes,W
00376 02F1 0140 		movlb	0
00377 02F2 0008 		return
00378 02F3 	;
00379 02F3 	;=========================================================================================
00380 02F3 	; Put the byte in W into the serial output buffer
00381 02F3 	;
00382 02F3 	; Entry: W = byte to store
00383 02F3 	; Exit: Param78 & W = byte stored, Bank 0
00384 02F3 	; Ram used: Param78, FSR0
00385 02F3 	; Calls: (0) none
00386 02F3 	;
00387 02F3 00F8 	StoreSer485Out	MOVWF	Param78
00388 02F4 0144 		MOVLB	Ser485_Buff_Bank
00389 02F5 0AB5 		INCF	Ser485_Out_Bytes,F
00390 02F6 	;	
00391 02F6 0838 		MOVF	Ser485_Out_InPtr,W
00392 02F7 391F 		ANDLW	0x1F
00393 02F8 0AB8 		INCF	Ser485_Out_InPtr,F
SMRRC.asm                                                             Page: 24
/Users/davidflynn/Projects/SerialMRRC/Firmware/

00394 02F9 3E5A 		ADDLW	low Ser485_Out_Buff
00395 02FA 0084 		MOVWF	FSR0L
00396 02FB 3002 		MOVLW	high Ser485_In_Buff
00397 02FC 0085 		MOVWF	FSR0H
00398 02FD 0878 		MOVF	Param78,W
00399 02FE 0080 		MOVWF	INDF0
00400 02FF 0140 		movlb	0
00401 0300 0008 		return
00402 0301 	;
00403 0301 	;=========================================================================================
00404 0301 	; Remove the last char stored in the output buffer
00405 0301 	;
00406 0301 0144 	POP_Ser485Out	MOVLB	Ser485_Buff_Bank
00407 0302 08B5 		MOVF	Ser485_Out_Bytes,F
00408 0303 		SKPNZ
00408 0303 1903      M		BTFSC	STATUS,Z		BTFSC	STATUS,Z
00409 0304 3202 		bra	POP_Ser485Out_End
00410 0305 03B5 		DECF	Ser485_Out_Bytes,F
00411 0306 03B8 		DECF	Ser485_Out_InPtr,F
00412 0307 0140 	POP_Ser485Out_End	movlb	0
00413 0308 0008 		return
00414 0309 	;
00415 0309 	;=========================================================================================
00416 0309 	; Get a byte from the serial Output buffer
00417 0309 	;
00418 0309 	; Entry: none
00419 0309 	; Exit: W=byte from buffer, Param78,0=valid
00420 0309 	;
00421 0309 0144 	GetSer485Out	MOVLB	Ser485_Buff_Bank
00422 030A 1078 		BCF	Param78,0	;no data
00423 030B 08B5 		MOVF	Ser485_Out_Bytes,F
00424 030C 		SKPNZ		;Any bytes in buffer?
00424 030C 1903      M		BTFSC	STATUS,Z		BTFSC	STATUS,Z
00425 030D 320A 		bra	GetSer485Out_End	; No
00426 030E 1478 		BSF	Param78,0	;Returning a byte
00427 030F 03B5 		DECF	Ser485_Out_Bytes,F
00428 0310 0839 		MOVF	Ser485_Out_OutPtr,W
00429 0311 391F 		ANDLW	0x1F
00430 0312 0AB9 		INCF	Ser485_Out_OutPtr,F
00431 0313 3E5A 		ADDLW	low Ser485_Out_Buff
00432 0314 0084 		MOVWF	FSR0L
00433 0315 3002 		MOVLW	high Ser485_In_Buff
00434 0316 0085 		MOVWF	FSR0H
00435 0317 0800 		MOVF	INDF0,W
00436 0318 0140 	GetSer485Out_End	movlb	0
00437 0319 0008 		return
00438 031A 	;
00439 031A 	;=========================================================================================
00440 031A 	;
00441 031A 	;
00442 031A 	;
00443 031A 	;
00444 031A 	;
00445 031A 	;
00446 031A 	;
00447 031A 	;
00448 031A 	;
00449 031A 	;
00450 031A 	;
00451 031A 	;
00452 031A 	;
00453 031A 	;
00454 031A 	;
00455 031A 	;
00456 031A 	;
00457 031A 	;
00458 031A 	;
00459 031A 	;
00852 031A 		include	RS485_Parse.inc
00001 031A 	;=========================================================================================
00002 031A 	;
00003 031A 	;    Filename:  RS485_Parse.inc
00004 031A 	;    Created:   4/5/2025
00005 031A 	;    Revision:  1.0d1  4/5/2025
00006 031A 	;
00007 031A 	;    Author:        David M. Flynn
00008 031A 	;    Company:       Oxford V.U.E., Inc.
00009 031A 	;    E-Mail:        dflynn@oxfordvue.com
00010 031A 	;
00011 031A 	;=========================================================================================
00012 031A 	; Routines:
00013 031A 	;
00014 031A 	; RS485_Parse	Call from main loop
00015 031A 	; RS485_ClearTXData	Clear the TX data, FSR1
00016 031A 	; RS485_Send	Send the data at TX_data, FSR0, FSR1
00017 031A 	;
00018 031A 	;=========================================================================================
00019 031A 	; Notes:
00020 031A 	;
00021 031A 	; History:
00022 031A 	; 1.0d1  4/5/2025	Copied from RS232_Parse 1.0b5
00023 031A 	;
00024 031A 	; RS485_Parse	(X/0) Parse any bytes received by the serial port
00025 031A 	; Packet format: (DD DD) DA SA D0 D1 D2 D3 D4 D5 D6 D7 (CS)
00026 031A 	;  DD = Sync byte added if address is received
00027 031A 	;  DA = Destination Address, SA = Source Address, 
00028 031A 	;       Dn = Data, CS Check Sum (xor of Address and Data bytes)
00029 031A 	;  SA RS485_SAddr ( the sender )
00030 031A 	;  DA must be RS485_MyAddr ( this program, must match )
SMRRC.asm                                                             Page: 25
/Users/davidflynn/Projects/SerialMRRC/Firmware/

00031 031A 	;  If the checksum matches put the data bytes in the RX485_Data buffer,
00032 031A 	;   set RX485DataValidFlag and RX485DataIsNew.
00033 031A 	;=========================================================================================
00034 031A 	;
00035 031A 	; default to a 6 byte packet 0xDD 0xDD DA SA D0 D1 D2 D3 CS
00036 031A 	;
00037 031A 	;
00038 031A 		ifndef RP485_DataBytes
00040 031A 		endif
00041 031A 	;
00042 031A 		ifndef UseRS485Chksum
00044 031A 		endif
00045 031A 	;
00046 031A 		constant RX485Timeout=5	;50 mS max between incoming bytes
00047 031A 	;=========================================================================================
00048 031A 	; Bank0 variable used by RS232_Parse:
00049 031A 	;
00050 031A 	;	cblock
00051 031A 	;	RS485_Address
00052 031A 	;	endc
00053 031A 	;
00054 031A 	; Bank4 variables used by RS485_Parse:
00055 031A 	;#Define	Ser485_Buff_Bank	4
00056 031A 	;
00057 031A 	;	cblock
00058 031A 	;	RX485_ParseFlags
00059 031A 	;	RX485_Flags
00060 031A 	;	RX485_DataCount
00061 031A 	;	RX485_CSUM
00062 031A 	;	RX485_SrcAdd:RP485_AddressBytes
00063 031A 	;	RX485_DstAdd:RP485_AddressBytes
00064 031A 	;	RX485_TempData:RP_DataBytes
00065 031A 	;	RX485_Data:RP485_DataBytes
00066 031A 	;	TX485_Data:RP485_DataBytes
00067 031A 	;	endc
00068 031A 	;RX485_ParseFlags Bits
00069 031A 0220 	#Define	RS485SyncByte1RXd	RX485_ParseFlags,0
00070 031A 0220 	#Define	RS485SyncByte2RXd	RX485_ParseFlags,1
00071 031A 0220 	#Define	RS485SourceAddrLoRXd	RX485_ParseFlags,2
00072 031A 0220 	#Define	RS485SourceAddrHiRXd	RX485_ParseFlags,3
00073 031A 0220 	#Define	RS485DestAddrLoRXd	RX485_ParseFlags,4
00074 031A 0220 	#Define	RS485DestAddrHiRXd	RX485_ParseFlags,5
00075 031A 0220 	#Define	RS485AllDataRXd	RX485_ParseFlags,6
00076 031A 	;
00077 031A 	;RX485_Flags Bits
00078 031A 0221 	#Define	RX485DataValidFlag	RX485_Flags,0
00079 031A 0221 	#Define	RX485DataIsNew	RX485_Flags,1
00080 031A 0221 	#Define	RX485DstIsMe	RX485_Flags,2
00081 031A 	;
00082 031A 	;
00083 031A 	; *** put in main loop
00084 031A 	;	CALL	RS485_Parse
00085 031A 	; if RX485DataValidFlag is set data may be used
00086 031A 	;
00087 031A 	;=========================================================================================
00088 031A 	; Parse any bytes received by the serial port
00089 031A 	;
00090 031A 	; Receive 0xDD,0xDD,SA0,DA0,Cmd,Data0,Data1,Data2,CS
00091 031A 	;
00092 031A 	;
00093 031A 	; Entry: none
00094 031A 	; Exit: none
00095 031A 	; Ram Used: Param78, FSR0
00096 031A 	; Calls (1+0): GetSer485In
00097 031A 	;
00098 031A 0144 	RS485_Parse	movlb	Ser485_Buff_Bank
00099 031B 08A0 		movf	RX485_ParseFlags,F
00100 031C 		SKPNZ		;Receive in process?
00100 031C 1903      M		BTFSC	STATUS,Z		BTFSC	STATUS,Z
00101 031D 3207 		bra	RS485_Parse_Byte	; no
00102 031E 	;
00103 031E 0140 		movlb	0	;bank 0
00104 031F 08B4 		movf	Timer2Lo,F
00105 0320 		SKPZ		;Timed out?
00105 0320 1D03      M		BTFSS	STATUS,Z		BTFSS	STATUS,Z
00106 0321 3203 		bra	RS485_Parse_Byte	; no
00107 0322 	;timed out
00108 0322 15BF 		bsf	RS485RX_Timeout
00109 0323 0144 		movlb	Ser485_Buff_Bank
00110 0324 01A0 		clrf	RX485_ParseFlags
00111 0325 	;
00112 0325 22D4 	RS485_Parse_Byte	CALL	GetSer485In
00113 0326 1C78 		BTFSS	Param78,0	;Got a byte?
00114 0327 0008 		RETURN		; No
00115 0328 	;
00116 0328 00F8 		MOVWF	Param78	;Data Byte RXd
00117 0329 3005 		movlw	RX485Timeout	;Reset time-out timer
00118 032A 00B4 		movwf	Timer2Lo
00119 032B 	; Command inturpreter
00120 032B 		if UseRS485SyncBytes
00121 032B 	;
00122 032B 0144 		movlb	Ser485_Buff_Bank	;bank 4
00123 032C 08A0 		MOVF	RX485_ParseFlags,F
00124 032D 		SKPZ		;Beginning new packet?
00124 032D 1D03      M		BTFSS	STATUS,Z		BTFSS	STATUS,Z
00125 032E 3205 		BRA	RS485_Parse_Sync2	; No
00126 032F 30DD 		MOVLW	kRS485SyncByteValue
00127 0330 0278 		SUBWF	Param78,W
00128 0331 		SKPNZ		;Sync byte OK?
SMRRC.asm                                                             Page: 26
/Users/davidflynn/Projects/SerialMRRC/Firmware/

00128 0331 1903      M		BTFSC	STATUS,Z		BTFSC	STATUS,Z
00129 0332 1420 		BSF	RS485SyncByte1RXd	; Yes
00130 0333 3212 		bra	RS485_Parse_Rtn
00131 0334 	;
00132 0334 18A0 	RS485_Parse_Sync2	btfsc	RS485SyncByte2RXd
00133 0335 3206 		bra	RS485_Parse_SALo
00134 0336 30DD 		movlw	kRS485SyncByteValue
00135 0337 0278 		subwf	Param78,W
00136 0338 		SKPZ
00136 0338 1D03      M		BTFSS	STATUS,Z		BTFSS	STATUS,Z
00137 0339 2B81 		goto	RS485_Parse_Error
00138 033A 14A0 		bsf	RS485SyncByte2RXd
00139 033B 320A 		bra	RS485_Parse_Rtn
00140 033C 	;
00141 033C 		endif
00142 033C 	;
00143 033C 	;
00144 033C 	; Source Address
00145 033C 0140 	RS485_Parse_SALo	movlb	0
00146 033D 1ABF 		btfsc	RS485SourceAddLoRXd
00147 033E 3209 		bra	RS485_Parse_SALo_end
00148 033F 	;
00149 033F 16BF 		bsf	RS485SourceAddLoRXd
00150 0340 0144 		movlb	Ser485_Buff_Bank	;bank 4
00151 0341 01A3 		clrf	RX485_CSUM
00152 0342 01A2 		clrf	RX485_DataCount
00153 0343 0878 		movf	Param78,W
00154 0344 00A4 		movwf	RX485_SrcAdd
00155 0345 07A3 		addwf	RX485_CSUM,F
00156 0346 0140 	RS485_Parse_Rtn	movlb	0	;bank 0
00157 0347 0008 		return
00158 0348 	RS485_Parse_SALo_end:
00159 0348 	;
00160 0348 	; MSB of Source Address
00161 0348 		if RP485_LongAddr
00173 0348 		endif
00174 0348 	;
00175 0348 	; Destination Address
00176 0348 0140 	RS485_Parse_DALo	movlb	0	;Bank 0
00177 0349 1A3F 		btfsc	RS485DestAddLoRXd
00178 034A 320B 		bra	RS485_Parse_DALo_End
00179 034B 	;
00180 034B 1521 		bsf	RX485DstIsMe	;default to it being my message
00181 034C 0843 		movf	RS485_Address,W
00182 034D 0144 		movlb	Ser485_Buff_Bank	;Bank 4
00183 034E 0278 		subwf	Param78,W
00184 034F 		SKPZ		;RS485_Address=RXd byte?
00184 034F 1D03      M		BTFSS	STATUS,Z		BTFSS	STATUS,Z
00185 0350 1121 		bcf	RX485DstIsMe	; No
00186 0351 163F 		bsf	RS485DestAddLoRXd
00187 0352 0878 		movf	Param78,W
00188 0353 00A5 		movwf	RX485_DstAdd	;Save RXd byte as dest addr
00189 0354 07A3 		addwf	RX485_CSUM,F
00190 0355 33F0 		bra	RS485_Parse_Rtn
00191 0356 	RS485_Parse_DALo_End:
00192 0356 	;
00193 0356 	;
00194 0356 1B20 	RS485_Parse_Data	btfsc	RS485AllDataRXd
00195 0357 320F 		bra	RS485_Parse_Data_end
00196 0358 0822 		movf	RX485_DataCount,W
00197 0359 3E26 		addlw	low RX485_TempData
00198 035A 0084 		movwf	FSR0L
00199 035B 3002 		movlw	high RX485_TempData
00200 035C 0085 		movwf	FSR0H
00201 035D 0878 		movf	Param78,W
00202 035E 07A3 		addwf	RX485_CSUM,F
00203 035F 0080 		movwf	INDF0
00204 0360 0AA2 		incf	RX485_DataCount,F
00205 0361 3004 		movlw	RP_DataBytes
00206 0362 0222 		subwf	RX485_DataCount,W
00207 0363 		SKPZ
00207 0363 1D03      M		BTFSS	STATUS,Z		BTFSS	STATUS,Z
00208 0364 33E1 		bra	RS485_Parse_Rtn
00209 0365 1720 		bsf	RS485AllDataRXd
00210 0366 	;
00211 0366 		if UseRS485Chksum
00212 0366 33DF 		bra	RS485_Parse_Rtn
00213 0367 		endif
00214 0367 	RS485_Parse_Data_end:
00215 0367 	;
00216 0367 		if UseRS485Chksum
00217 0367 	; checksum
00218 0367 30FF 		movlw	0xFF
00219 0368 0623 		xorwf	RX485_CSUM,W
00220 0369 0278 		subwf	Param78,W
00221 036A 		SKPZ		;Checksum matches?
00221 036A 1D03      M		BTFSS	STATUS,Z		BTFSS	STATUS,Z
00222 036B 3215 		bra	RS485_Parse_Error	; No
00223 036C 	;
00224 036C 		endif
00225 036C 	;
00226 036C 3026 		movlw	low RX485_TempData
00227 036D 0084 		movwf	FSR0L
00228 036E 3002 		movlw	high RX485_TempData
00229 036F 0085 		movwf	FSR0H
00230 0370 	;
00231 0370 302A 		movlw	low RX485_Data
00232 0371 0086 		movwf	FSR1L
00233 0372 3002 		movlw	high RX485_Data
SMRRC.asm                                                             Page: 27
/Users/davidflynn/Projects/SerialMRRC/Firmware/

00234 0373 0087 		movwf	FSR1H
00235 0374 	;
00236 0374 3004 		movlw	RP_DataBytes
00237 0375 00F8 		movwf	Param78
00238 0376 0012 	RS485_Parse_L1	moviw	FSR0++
00239 0377 001E 		movwi	FSR1++
00240 0378 0BF8 		decfsz	Param78,F
00241 0379 33FC 		bra	RS485_Parse_L1
00242 037A 	;
00243 037A 14A1 		bsf	RX485DataIsNew	;good packet rx'd
00244 037B 1421 		bsf	RX485DataValidFlag
00245 037C 1D21 		btfss	RX485DstIsMe	;to me?
00246 037D 1021 		bcf	RX485DataValidFlag	; no
00247 037E 	;
00248 037E 01A0 		clrf	RX485_ParseFlags
00249 037F 0140 		movlb	0x00
00250 0380 	;tc
00251 0380 	;	bsf	LED2_Active
00252 0380 	;etc
00253 0380 0008 		return
00254 0381 	;
00255 0381 	;
00256 0381 	; We didn't get the sync byte we were expecting so restart the parser
00257 0381 01A0 	RS485_Parse_Error	CLRF	RX485_ParseFlags
00258 0382 2907 		goto	FlushInBuff
00259 0383 	;
00260 0383 	;=========================================================================================
00261 0383 	; Clear the TX data, unused bytes are sent as 0x00
00262 0383 	; Entry: none
00263 0383 	; Exit: Bank 0
00264 0383 	; Ram used: Param78, FSR1
00265 0383 	; Calls: none
00266 0383 0144 	RS485_ClearTXData	movlb	Ser485_Buff_Bank	;bank 4
00267 0384 01AE 		clrf	TX485_SrcAdd
00268 0385 01AF 		clrf	TX485_DstAdd
00269 0386 	;
00270 0386 		if RP485_LongAddr
00273 0386 		endif
00274 0386 	;
00275 0386 3004 		movlw	RP485_DataBytes
00276 0387 00F8 		movwf	Param78
00277 0388 3030 		movlw	low TX485_Data
00278 0389 0086 		movwf	FSR1L
00279 038A 3002 		movlw	high TX485_Data
00280 038B 0087 		movwf	FSR1H
00281 038C 3000 		movlw	0x00
00282 038D 001E 	RS485_ClearTXData_L1	movwi	FSR1++
00283 038E 0BF8 		decfsz	Param78,F
00284 038F 33FD 		bra	RS485_ClearTXData_L1
00285 0390 0140 		movlb	0x00
00286 0391 0008 		return
00287 0392 	;
00288 0392 	;=========================================================================================
00289 0392 	; Send a data packet
00290 0392 	;  from the TX485 buffer (TX485_SrcAdd,TX485_DstAdd,TX485_Data)
00291 0392 	;
00292 0392 	;Entry: TX_Data = Data to send 
00293 0392 	;Exit: TX_Data is cleared
00294 0392 	;Ram used: Param78,Param79,Param7A,FSR0,FSR1
00295 0392 	;Calls: (1+0) StoreSer485Out
00296 0392 	;
00297 0392 	RS485_Send:
00298 0392 	;
00299 0392 		if UseRS485SyncBytes
00300 0392 	;
00301 0392 30DD 		movlw	kRS485SyncByteValue
00302 0393 22F3 		call	StoreSer485Out
00303 0394 30DD 		movlw	kRS485SyncByteValue
00304 0395 22F3 		call	StoreSer485Out
00305 0396 	;
00306 0396 		endif
00307 0396 	;
00308 0396 01FA 		clrf	Param7A	;CSum=CSum + data
00309 0397 	; Source Address
00310 0397 0144 		movlb	Ser485_Buff_Bank	;bank 4
00311 0398 082E 		movf	TX485_SrcAdd,W	;source address is Me
00312 0399 07FA 		addwf	Param7A,F	;CSum=CSum + data
00313 039A 22F3 		call	StoreSer485Out
00314 039B 	;
00315 039B 		if RP485_LongAddr
00320 039B 		endif
00321 039B 	;
00322 039B 	; Destination Address
00323 039B 0144 		movlb	Ser485_Buff_Bank	;bank 4
00324 039C 082F 		movf	TX485_DstAdd,W	;destination address
00325 039D 07FA 		addwf	Param7A,F	;CSum=CSum + data
00326 039E 22F3 		call	StoreSer485Out
00327 039F 	;
00328 039F 		if RP485_LongAddr
00333 039F 		endif
00334 039F 	;
00335 039F 0144 		movlb	Ser485_Buff_Bank
00336 03A0 3004 		movlw	RP485_DataBytes
00337 03A1 00F9 		movwf	Param79
00338 03A2 3030 		movlw	low TX485_Data
00339 03A3 0086 		movwf	FSR1L
00340 03A4 3002 		movlw	high TX485_Data
00341 03A5 0087 		movwf	FSR1H
00342 03A6 	;
SMRRC.asm                                                             Page: 28
/Users/davidflynn/Projects/SerialMRRC/Firmware/

00343 03A6 0016 	RS485_Send_L1	moviw	FSR1++
00344 03A7 07FA 		addwf	Param7A,F	;CSum=CSum + data
00345 03A8 22F3 		call	StoreSer485Out
00346 03A9 0BF9 		decfsz	Param79,F
00347 03AA 33FB 		bra	RS485_Send_L1
00348 03AB 	;
00349 03AB 		if UseRS485Chksum
00350 03AB 30FF 		movlw	0xFF
00351 03AC 067A 		xorwf	Param7A,W	;CSum
00352 03AD 22F3 		call	StoreSer485Out
00353 03AE 		endif
00354 03AE 	;
00355 03AE 2B83 		goto	RS485_ClearTXData
00356 03AF 	;
00357 03AF 	;=========================================================================================
00358 03AF 	; Forward a data packet from RS232 (USB)
00359 03AF 	;  send data from RS232 (RX_SrcAdd, RX_DstAdd, RX_TempData)
00360 03AF 	;  to the RS485 bus 
00361 03AF 	;
00362 03AF 	;Entry: TX_Data = Data to send 
00363 03AF 	;Exit: TX_Data is cleared
00364 03AF 	;Ram used: Param78,Param79,Param7A,FSR0,FSR1
00365 03AF 	;Calls: (1+0) StoreSer485Out
00366 03AF 	;
00367 03AF 	RS485_Forward:
00368 03AF 		if UseRS485SyncBytes
00369 03AF 	;
00370 03AF 30DD 		movlw	kRS485SyncByteValue
00371 03B0 22F3 		call	StoreSer485Out
00372 03B1 30DD 		movlw	kRS485SyncByteValue
00373 03B2 22F3 		call	StoreSer485Out
00374 03B3 	;
00375 03B3 		endif
00376 03B3 	;
00377 03B3 01FA 		clrf	Param7A	;CSum
00378 03B4 	;
00379 03B4 0141 		movlb	RX_SrcAdd	;bank 1
00380 03B5 0824 		movf	RX_SrcAdd,W	;source address
00381 03B6 07FA 		addwf	Param7A,F	;CSum=CSum + data
00382 03B7 22F3 		call	StoreSer485Out
00383 03B8 	;
00384 03B8 		if RP485_LongAddr
00389 03B8 		endif
00390 03B8 	;
00391 03B8 0141 		movlb	RX_DstAdd	;bank 1
00392 03B9 0825 		movf	RX_DstAdd,W	;destination address
00393 03BA 07FA 		addwf	Param7A,F	;CSum=CSum + data
00394 03BB 22F3 		call	StoreSer485Out
00395 03BC 	;
00396 03BC 		if RP_LongAddr
00401 03BC 		endif
00402 03BC 	;
00403 03BC 3004 		movlw	RP485_DataBytes
00404 03BD 00F9 		movwf	Param79
00405 03BE 30A6 		movlw	low RX_TempData
00406 03BF 0086 		movwf	FSR1L
00407 03C0 3000 		movlw	high RX_TempData
00408 03C1 0087 		movwf	FSR1H
00409 03C2 	;
00410 03C2 0016 	RS485_Forward_L1	moviw	FSR1++
00411 03C3 07FA 		addwf	Param7A,F	;CSum=CSum + data
00412 03C4 22F3 		call	StoreSer485Out
00413 03C5 0BF9 		decfsz	Param79,F
00414 03C6 33FB 		bra	RS485_Forward_L1
00415 03C7 	;
00416 03C7 		if UseRS485Chksum
00417 03C7 30FF 		movlw	0xFF
00418 03C8 067A 		xorwf	Param7A,W
00419 03C9 22F3 		call	StoreSer485Out
00420 03CA 		endif
00421 03CA 	;
00422 03CA 	;tc
00423 03CA 	;	bsf	LED1_Active
00424 03CA 	;etc
00425 03CA 0008 		return
00426 03CB 	;
00427 03CB 	;=========================================================================================
00428 03CB 	;
00429 03CB 	;
00430 03CB 	;
00431 03CB 	;
00432 03CB 	;
00433 03CB 	;
00434 03CB 	;
00435 03CB 	;
00436 03CB 	;
00437 03CB 	;
00438 03CB 	;
00439 03CB 	;
00440 03CB 	;
00441 03CB 	;
00442 03CB 	;
00443 03CB 	;
00444 03CB 	;
00445 03CB 	;
00446 03CB 	;
00447 03CB 	;
00448 03CB 	;
00449 03CB 	;
SMRRC.asm                                                             Page: 29
/Users/davidflynn/Projects/SerialMRRC/Firmware/

00450 03CB 	;
00451 03CB 	;
00853 03CB 		endif
00854 03CB 	;
00855 03CB 		if useRS232
00856 03CB 		org	0x0800
00857 0800 		include	PacketSerialCmds.inc
00001 0800 	;=========================================================================================
00002 0800 	; 
00003 0800 	;    Filename:      PacketSerialCmds.inc
00004 0800 	;    created:       4/4/2025
00005 0800 	;    File Version:  1.0    4/4/2025
00006 0800 	;
00007 0800 	;    Author:        David M. Flynn
00008 0800 	;    Company:       Oxford V.U.E., Inc.
00009 0800 	;    E-Mail:        dflynn@oxfordvue.com
00010 0800 	;    Web Site:      http://www.oxfordvue.com/
00011 0800 	;
00012 0800 	;=========================================================================================
00013 0800 	; Notes:
00014 0800 	;  Command interpreter for Serial Model Railroad Control RS-232 Packet Serial
00015 0800 	;
00016 0800 	; History
00017 0800 	; 1.0    4/4/2025	Copied from BLDCServo 1.2
00018 0800 	;=========================================================================================
00019 0800 	;
00020 0800 0081 	kCmd_SetMode	EQU	0x81	;+1 data (SysMode), return ACK
00021 0800 0001 	kCmd_GetMode	EQU	0x01
00022 0800 	;
00023 0800 00B2 	kCmd_SetAuxConfig	EQU	0xB2	;+2 data (AuxNum,Value), return ACK
00024 0800 0022 	kCmd_GetAuxConfig	EQU	0x22	;+1 data (AuxNum)
00025 0800 00B3 	kCmd_SetAuxNValue	EQU	0xB3	;+2 data (AuxNum,Value), return ACK
00026 0800 0023 	kCmd_GetAuxNValue	EQU	0x23	;(AuxN,ValueL,ValueH)
00027 0800 	;
00028 0800 0093 	kCmd_ReBoot	EQU	0x93	;ReBoot the controller
00029 0800 0094 	kCmd_SaveParams	EQU	0x94	;Save all eeprom params, return ACK
00030 0800 0095 	kCmd_RestoreParams	EQU	0x95	;Copy to ram, return ACK
00031 0800 0098 	kCmd_GetStatus	EQU	0x98	;return ssStatus
00032 0800 0099 	kCmd_RunBootloader	EQU	0x99	;Set EEPROM (0xFF) = 0xFF and reboot
00033 0800 	;
00034 0800 	; these commands save params and return a 0,0,0,0 packet with the new address
00035 0800 00A1 	kCmd_SetMasterAddr	EQU	0xA1	;+1 data, return a zero packet
00036 0800 00A2 	kCmd_SetSlaveAddr	EQU	0xA2	;+1 data, return a zero packet
00037 0800 	;
00038 0800 	;Special packet (0xDD, 0xDD, 0x01, 0x02, 0xAA, 0x00, 0x00, 0x00, checksum)
00039 0800 00AA 	kCmd_SendIDString	EQU	0xAA	; returns "DMFE SMRRC Node\n"
00040 0800 	;
00041 0800 	;=========================================================================================
00042 0800 	;
00043 0800 	RS232_Send_S0	mLongCall	RS232_Send
00043 0800 3181      M		movlp	RS232_Send	                       movlp                  Destination
00043 0801 21BA      M		call	RS232_Send	                       call                   Destination
00043 0802 3188      M		movlp	$	                       movlp                  $
00044 0803 0008 		return
00045 0804 	;
00046 0804 	;=========================================================================================
00047 0804 	; Entry: RXDataIsNew=1, data in RX_Data
00048 0804 	;
00049 0804 0141 	HandleRXData	movlb	RX_Flags	;bank 1
00050 0805 10A1 		bcf	RXDataIsNew
00051 0806 1821 		btfsc	RXDataValidFlag	;From master to me?
00052 0807 3209 		bra	HandleRXData_1	; Yes
00053 0808 	;
00054 0808 1D21 		btfss	RXSrcIsMaster	;from master?
00055 0809 3205 		bra	HandleRXData_Rtn	; No, ignore it
00056 080A 19A1 		btfsc	RXDstIsMe	;to Me?
00057 080B 3203 		bra	HandleRXData_Rtn	; Yes, must be a bad CS or ?, ignore it
00058 080C 	; forward packet on RS485 bus
00059 080C 	;	RX_CSUM		;bank1
00060 080C 	;	RX_SrcAdd:RP_AddressBytes	;1 or 2
00061 080C 	;	RX_DstAdd:RP_AddressBytes	;1 or 2
00062 080C 	;	RX_TempData:RP_DataBytes	;4
00063 080C 	;
00064 080C 		mLongCall	RS485_Forward
00064 080C 3183      M		movlp	RS485_Forward	                       movlp                  Destination
00064 080D 23AF      M		call	RS485_Forward	                       call                   Destination
00064 080E 3188      M		movlp	$	                       movlp                  $
00065 080F 	;
00066 080F 0140 	HandleRXData_Rtn	movlb	0	;bank 0
00067 0810 0008 		return		; no, ignore this packet
00068 0811 	;
00069 0811 	; Data is from Master to Me, handle it.
00070 0811 0140 	HandleRXData_1	movlb	0	;bank 0
00071 0812 		mMOVLF	RX_Data,FSR1
00071 0812 30AA      M		movlw	low RX_Data	                       movlw                  low ADDRESS
00071 0813 0086      M		movwf	FSR1	                       movwf                  DEST
00071 0814 3000      M		movlw	high RX_Data	                       movlw                  high ADDRESS
00071 0815 0087      M		movwf	FSR1+1	                       movwf                  DEST+1
00072 0816 		mMOVLF	TX_Data,FSR0
00072 0816 30AE      M		movlw	low TX_Data	                       movlw                  low ADDRESS
00072 0817 0084      M		movwf	FSR0	                       movwf                  DEST
00072 0818 3000      M		movlw	high TX_Data	                       movlw                  high ADDRESS
00072 0819 0085      M		movwf	FSR0+1	                       movwf                  DEST+1
00073 081A 	;Dispatcher
00074 081A 0016 		moviw	FSR1++
00075 081B 00F8 		movwf	Param78	;aka RX_Data
00076 081C 39F0 		andlw                  0xF0
00077 081D 		SKPZ
00077 081D 1D03      M		BTFSS	STATUS,Z		BTFSS	STATUS,Z
SMRRC.asm                                                             Page: 30
/Users/davidflynn/Projects/SerialMRRC/Firmware/

00078 081E 3213 		bra                    Dispatcher_1
00079 081F 0878 		movf                   Param78,W
00080 0820 390F 		andlw                  0x0F
00081 0821 	;Jump table for 0x00 to 0x0F
00082 0821 000B 		brw
00083 0822 0008 		return                                        ;0x00 not used
00084 0823 327B 		bra                    Cmd_GetMode
00085 0824 0008 		return
00086 0825 0008 		return
00087 0826 0008 		return
00088 0827 0008 		return
00089 0828 0008 		return
00090 0829 0008 		return
00091 082A 0008 		return
00092 082B 0008 		return
00093 082C 0008 		return
00094 082D 0008 		return
00095 082E 0008 		return
00096 082F 0008 		return
00097 0830 0008 		return
00098 0831 0008 		return
00099 0832 	;
00100 0832 3C80 	Dispatcher_1           sublw                  0x80
00101 0833 	                       SKPZ
00101 0833 1D03      M		BTFSS	STATUS,Z		BTFSS	STATUS,Z
00102 0834 3213 	                       bra                    Dispatcher_2
00103 0835 0878 	                       movf                   Param78,W
00104 0836 390F 		andlw                  0x0F
00105 0837 	;Jump table for 0x80 to 0x8F
00106 0837 000B 	                       brw
00107 0838 0008 	                       return                                        ;0x80 not used
00108 0839 325E 	                       bra                    Cmd_SetMode            ;kCmd_SetMode
00109 083A 0008 	                       return
00110 083B 0008 	                       return
00111 083C 0008 	                       return
00112 083D 0008 	                       return
00113 083E 0008 	                       return
00114 083F 0008 	                       return
00115 0840 0008 	                       return
00116 0841 0008 	                       return
00117 0842 0008 	                       return
00118 0843 0008 	                       return
00119 0844 0008 	                       return
00120 0845 0008 	                       return
00121 0846 0008 	                       return		;0x8E
00122 0847 0008 	                       return
00123 0848 	;
00124 0848 	;Jump table for 0x20 to 0x24
00125 0848 0878 	Dispatcher_2           movf                   Param78,W
00126 0849 39F0 	                       andlw                  0xF0
00127 084A 3C20 	                       sublw                  0x20
00128 084B 	                       SKPZ
00128 084B 1D03      M		BTFSS	STATUS,Z		BTFSS	STATUS,Z
00129 084C 320B 	                       bra                    Dispatcher_3
00130 084D 3007 	                       movlw                  0x07
00131 084E 0578 	                       andwf                  Param78,W
00132 084F 000B 	                       brw
00133 0850 0008 	                       return
00134 0851 0008 	                       return
00135 0852 0008 	                       return
00136 0853 0008 	                       return
00137 0854 0008 	                       return
00138 0855 0008 	                       return
00139 0856 0008 	                       return
00140 0857 0008 	                       return
00141 0858 	;
00142 0858 	;Jump table for 0xB0 to 0xB4
00143 0858 0878 	Dispatcher_3           movf                   Param78,W
00144 0859 39F0 	                       andlw                  0xF0
00145 085A 3CB0 	                       sublw                  0xB0
00146 085B 	                       SKPZ
00146 085B 1D03      M		BTFSS	STATUS,Z		BTFSS	STATUS,Z
00147 085C 320B 	                       bra                    Dispatcher_4
00148 085D 3007 	                       movlw                  0x07
00149 085E 0578 	                       andwf                  Param78,W
00150 085F 000B 	                       brw
00151 0860 0008 	                       return
00152 0861 0008 	                       return
00153 0862 0008 		return
00154 0863 0008 	                       return
00155 0864 0008 	                       return
00156 0865 0008 	                       return
00157 0866 0008 	                       return
00158 0867 0008 	                       return
00159 0868 	;
00160 0868 	;Jump table for 0x90 to 0x9F
00161 0868 0878 	Dispatcher_4           movf                   Param78,W
00162 0869 39F0 	                       andlw                  0xF0
00163 086A 3C90 	                       sublw                  0x90
00164 086B 	                       SKPZ
00164 086B 1D03      M		BTFSS	STATUS,Z		BTFSS	STATUS,Z
00165 086C 3213 	                       bra                    Dispatcher_5
00166 086D 300F 	                       movlw                  0x0F
00167 086E 0578 	                       andwf                  Param78,W
00168 086F 000B 	                       brw
00169 0870 0008 	                       return                                        ;0x90 not used
00170 0871 0008 	                       return
00171 0872 0008 	                       return
00172 0873 0001 	                       reset                                         ;kCmd_ReBoot
SMRRC.asm                                                             Page: 31
/Users/davidflynn/Projects/SerialMRRC/Firmware/

00173 0874 28A2 	                       goto                   Cmd_SaveParams
00174 0875 28A6 	                       goto                   Cmd_RestoreParams
00175 0876 0008 	                       return
00176 0877 0008 	                       return		;0x97
00177 0878 28AA 	                       goto                   Cmd_GetStatus
00178 0879 28B5 	                       goto                   Cmd_RunBootloader
00179 087A 0008 	                       return		;0x9A
00180 087B 0008 	                       return
00181 087C 0008 	                       return
00182 087D 0008 	                       return
00183 087E 0008 	                       return
00184 087F 0008 	                       return
00185 0880 	;
00186 0880 	;Jump table for 0xA0 to 0xAF
00187 0880 0878 	Dispatcher_5           movf                   Param78,W
00188 0881 39F0 	                       andlw                  0xF0
00189 0882 3CA0 	                       sublw                  0xA0
00190 0883 	                       SKPZ
00190 0883 1D03      M		BTFSS	STATUS,Z		BTFSS	STATUS,Z
00191 0884 3203 	                       bra                    Dispatcher_6
00192 0885 300F 	                       movlw                  0x0F
00193 0886 0578 	                       andwf                  Param78,W
00194 0887 000B 	                       brw
00195 0888 0008 	Dispatcher_6           return                                        ;0xA0 not used
00196 0889 28BB 	                       goto                   Cmd_SetMasterAddr
00197 088A 28C1 	                       goto                   Cmd_SetSlaveAddr
00198 088B 0008 	                       return
00199 088C 0008 	                       return
00200 088D 0008 	                       return
00201 088E 0008 	                       return
00202 088F 0008 	                       return
00203 0890 0008 	                       return
00204 0891 0008 	                       return
00205 0892 28C7 	                       goto                   Cmd_SendIDString       ;0xAA
00206 0893 0008 	                       return
00207 0894 0008 	                       return
00208 0895 0008 	                       return
00209 0896 0008 	                       return
00210 0897 0008 	                       return
00211 0898 	;
00212 0898 	;---kCmd_SetMode----------------
00213 0898 3004 	Cmd_SetMode	movlw	kMaxMode+1
00214 0899 0201 		subwf	INDF1,W
00215 089A 		SKPB		;kMaxMode+1>Data
00215 089A 1803      M		BTFSC	STATUS,C		BTFSC	STATUS,C
00216 089B 3373 		bra	HandleRXData_Rtn
00217 089C 	;
00218 089C 0016 		moviw	FSR1++
00219 089D 00C0 		movwf	SysMode
00220 089E 28E3 		goto	TX_ACK
00221 089F 	;
00222 089F 	;---kCmd_GetMode------------------
00223 089F 0840 	Cmd_GetMode	movf	SysMode,W
00224 08A0 001A 		movwi	FSR0++
00225 08A1 2800 		goto	RS232_Send_S0
00226 08A2 	;
00227 08A2 	;
00228 08A2 	;
00229 08A2 	;---kCmd_SaveParams-----------------
00230 08A2 	Cmd_SaveParams	mLongCall	SaveParams
00230 08A2 3180      M		movlp	SaveParams	                       movlp                  Destination
00230 08A3 2069      M		call	SaveParams	                       call                   Destination
00230 08A4 3188      M		movlp	$	                       movlp                  $
00231 08A5 28E3 		goto	TX_ACK
00232 08A6 	;
00233 08A6 	;---kCmd_RestoreParams--------------
00234 08A6 	Cmd_RestoreParams	mLongCall	CopyToRam
00234 08A6 3180      M		movlp	CopyToRam	                       movlp                  Destination
00234 08A7 205C      M		call	CopyToRam	                       call                   Destination
00234 08A8 3188      M		movlp	$	                       movlp                  $
00235 08A9 28E3 		goto	TX_ACK
00236 08AA 	;
00237 08AA 	;
00238 08AA 	;---kCmd_GetStatus----------------
00239 08AA 082A 	Cmd_GetStatus	movf	ssStatus,W
00240 08AB 001A 		movwi	FSR0++
00241 08AC 082B 		movf	ssStatus+1,W
00242 08AD 001A 		movwi	FSR0++
00243 08AE 082C 		movf	ssStatus+2,W
00244 08AF 001A 		movwi	FSR0++
00245 08B0 082C 		movf	ssStatus+2,W
00246 08B1 001A 		movwi	FSR0++
00247 08B2 	;reset flags
00248 08B2 11BC 		bcf	ssRX_Timeout
00249 08B3 	;
00250 08B3 01AB 		clrf	ssStatus+1
00251 08B4 	;	
00252 08B4 2800 		goto	RS232_Send_S0
00253 08B5 	;
00254 08B5 	;---kCmd_RunBootloader--------------
00255 08B5 30FF 	Cmd_RunBootloader	movlw	0xFF
00256 08B6 00B1 		movwf	EEDataTemp
00257 08B7 		mLongCall	EEWriteW	;Write EEPROM address in W
00257 08B7 3180      M		movlp	EEWriteW	                       movlp                  Destination
00257 08B8 20B0      M		call	EEWriteW	                       call                   Destination
00257 08B9 3188      M		movlp	$	                       movlp                  $
00258 08BA 0001 		reset
00259 08BB 	;
00260 08BB 	;
SMRRC.asm                                                             Page: 32
/Users/davidflynn/Projects/SerialMRRC/Firmware/

00261 08BB 	;---kCmd_SetMasterAddr------------
00262 08BB 0016 	Cmd_SetMasterAddr	moviw	FSR1++
00263 08BC 00C1 		movwf	RS232_MasterAddr
00264 08BD 		mLongCall	SaveParams
00264 08BD 3180      M		movlp	SaveParams	                       movlp                  Destination
00264 08BE 2069      M		call	SaveParams	                       call                   Destination
00264 08BF 3188      M		movlp	$	                       movlp                  $
00265 08C0 2800 		goto	RS232_Send_S0
00266 08C1 	;
00267 08C1 	;---kCmd_SetSlaveAddr-------------
00268 08C1 0016 	Cmd_SetSlaveAddr	moviw	FSR1++
00269 08C2 00C2 		movwf	RS232_SlaveAddr
00270 08C3 		mLongCall	SaveParams
00270 08C3 3180      M		movlp	SaveParams	                       movlp                  Destination
00270 08C4 2069      M		call	SaveParams	                       call                   Destination
00270 08C5 3188      M		movlp	$	                       movlp                  $
00271 08C6 2800 		goto	RS232_Send_S0
00272 08C7 	;
00273 08C7 	;---kCmd_SendIDString------------
00274 08C7 	;
00275 08C7 01F9 	Cmd_SendIDString	clrf	Param79
00276 08C8 0879 	Cmd_SendIDString_L1	movf	Param79,W
00277 08C9 20D0 		call	IDString
00278 08CA 3800 		iorlw	0x00
00279 08CB 		SKPNZ
00279 08CB 1903      M		BTFSC	STATUS,Z		BTFSC	STATUS,Z
00280 08CC 0008 		return
00281 08CD 20E4 		call	StoreSerOut_S0
00282 08CE 	;	bsf	LED1_Active	;tc
00283 08CE 0AF9 		incf	Param79,F
00284 08CF 33F8 		bra	Cmd_SendIDString_L1
00285 08D0 	;
00286 08D0 000B 	IDString	brw
00287 08D1 3444 		retlw	'D'
00288 08D2 344D 		retlw	'M'
00289 08D3 3446 		retlw	'F'
00290 08D4 3445 		retlw	'E'
00291 08D5 3420 		retlw	' '
00292 08D6 3453 		retlw	'S'
00293 08D7 344D 		retlw	'M'
00294 08D8 3452 		retlw	'R'
00295 08D9 3452 		retlw	'R'
00296 08DA 3443 		retlw	'C'
00297 08DB 3420 		retlw	' '
00298 08DC 344E 		retlw	'N'
00299 08DD 346F 		retlw	'o'
00300 08DE 3464 		retlw	'd'
00301 08DF 3465 		retlw	'e'
00302 08E0 340A 		retlw	'\n'
00303 08E1 3400 		retlw	0x00
00304 08E2 	;
00305 08E2 	;--------------------------------
00306 08E2 0008 		return
00307 08E3 	;
00308 08E3 30FF 	TX_ACK	movlw	0xFF
00309 08E4 	StoreSerOut_S0	mLongCall	StoreSerOut
00309 08E4 3181      M		movlp	StoreSerOut	                       movlp                  Destination
00309 08E5 2115      M		call	StoreSerOut	                       call                   Destination
00309 08E6 3188      M		movlp	$	                       movlp                  $
00310 08E7 0008 		return
00311 08E8 	;
00312 08E8 	;=========================================================================================
00313 08E8 	;=========================================================================================
00858 08E8 		endif
00859 08E8 	;
00860 08E8 		if useBootloader
00861 08E8 		org	BootLoaderStart
00862 1D00 		include	BootLoader15345.inc
00001 1D00 	;************************************************
00002 1D00 	; BootLoader for PIC16F15345
00003 1D00 	; filename: Bootloader15345.inc
00004 1D00 	; Created: 4/4/2025
00005 1D00 	; Revision: 1.0d1 4/4/2025
00006 1D00 	;************************************************
00007 1D00 	; History
00008 1D00 	; 1.0d1 4/4/2025	Copied from Bootloader18346.inc Rev 1.0b1
00009 1D00 	;************************************************
00010 1D00 	; Notes:
00011 1D00 	;
00012 1D00 	; WDT is not suported.
00013 1D00 	;
00014 1D00 	;  Does not program data EEProm, or other than prog mem 0..BootLoaderStart-1
00015 1D00 	;
00016 1D00 	; Must be the last thing in prog mem, will not overwrite itself or anything after it.
00017 1D00 	;
00018 1D00 	;BootLoaderStart	EQU	0x1E00
00019 1D00 	;	org BootLoaderStart
00020 1D00 	;	include <Bootloader18854.inc>
00021 1D00 	;
00022 1D00 	;  Reset vector:
00023 1D00 	;  	movlp	high BootLoaderStart
00024 1D00 	;    	goto	BootLoaderStart
00025 1D00 	;  ProgStartVector	CLRF	PCLATH
00026 1D00 	;	goto	Start
00027 1D00 	;
00028 1D00 	;  DataEEProm (0xFF) = 0xFF = run bootloader
00029 1D00 	;
00030 1D00 	; What happens next:
00031 1D00 	;  If Data EEProm address (0xFF) <> 0xFF then goto ProgStartVector
SMRRC.asm                                                             Page: 33
/Users/davidflynn/Projects/SerialMRRC/Firmware/

00032 1D00 	;  Setup  UART for 38.4KBaud
00033 1D00 	;  Parse incoming text as .hex file
00034 1D00 	;   if program memory address > 0 and < BootLoader then
00035 1D00 	;    read block from prog mem
00036 1D00 	;    if compare blocks then
00037 1D00 	;      if prog mem is not blank then erase block
00038 1D00 	;    write block
00039 1D00 	;
00040 1D00 	;  DataEEProm (0xFF) = 0x00
00041 1D00 	;
00042 1D00 	;  reset
00043 1D00 	;************************************************
00044 1D00 	; .hex
00045 1D00 	;:020000040000FA 
00046 1D00 	;       ^^^^^^ Set high word of address to 0x0000
00047 1D00 	;:100010005A23582356235423422021000C16200033
00048 1D00 	;:100020003A100C1E3A14A10B053221000C122000CC
00049 1D00 	;^ Start code                             ^^ Checksum
00050 1D00 	; ^^ Bytes of data (0x10)
00051 1D00 	;   ^^^^ Address low word (0x0020)
00052 1D00 	;       ^^ Record type 0x00 = Data
00053 1D00 	;         ^^^^ LSB MSB of data for Addr / 2
00054 1D00 	;                                         
00055 1D00 	; Checksum is 2's complement of all other bytes added together
00056 1D00 	; Valid address range 0000 0000 .. 0000 3BFE (bootloader is at 0000 3C00 .. 0000 3FFF, 512 words)
00057 1D00 	;************************************************
00058 1D00 	;
00059 1D00 	;
00060 1D00 		cblock 0x20
00061 1D00 0020 M		PROG_ADDR_LO                                  ;word address PC
00062 1D00 0021 M		PROG_ADDR_HI                                  ; high 7 bits of PC
00063 1D00 0022 M		ProgWordCount                                 ;Words in SourceBuffer
00064 1D00      M		
00065 1D00 0023 M		IH_Addr_Lo:2		;
00066 1D00 0025 M		IH_Addr_Hi:2		;extended linear address, alway 0x0000 for Prog mem
00067 1D00 0027 M		IH_Bytes
00068 1D00 0028 M		IH_ByteCount
00069 1D00 0029 M		IH_Type		;Record Type 0..5
00070 1D00 002A M		IH_State
00071 1D00 002B M		IH_TempVal
00072 1D00 002C M		IH_Flags
00073 1D00 002D M		ChkSum
00074 1D00      M		endc
00075 1D00      M	;
00076 1D00 002C M	#Define	MSN_Done	IH_Flags,0	;Most Significant Nibble
00077 1D00 002C M	#Define	DataInBuffer	IH_Flags,1             ;SourceBuffer has data
00078 1D00      M	;
00079 1D00      M	;IH_Type: Intel Hex Types
00080 1D00 0000 M	IHT_Data	EQU	0x00
00081 1D00 0001 M	IHT_End	EQU	0x01	;ie :00000001FF
00082 1D00 0002 M	IHT_XSA	EQU	0x02	;extended segment address, not supported
00083 1D00 0003 M	IHT_SSA	EQU	0x03	;start segment address, not supported
00084 1D00 0004 M	IHT_HighAddr	EQU	0x04	;extended linear address, :02000004FFFFFC
00085 1D00 0005 M	IHT_SLA	EQU	0x05	;start linear address, not supported, :04000005000000CD2A
00086 1D00      M	;
00087 1D00      M	;IH_State values
00088 1D00 0000 M	IHS_WaitForColon	EQU	0x00
00089 1D00 0001 M	IHS_Length	EQU	0x01
00090 1D00 0002 M	IHS_AddrMSB	EQU	0x02
00091 1D00 0003 M	IHS_AddrLSB	EQU	0x03
00092 1D00 0004 M	IHS_DataType	EQU	0x04
00093 1D00 0005 M	IHS_Data	EQU	0x05
00094 1D00 0006 M	IHS_CSum	EQU	0x06	;waiting for check sum
00095 1D00      M	;
00096 1D00 002B M	IH_ErrorBadLen	EQU	'+'	;>64 Too big
00097 1D00 002D M	IH_ErrorBadCSum	EQU	'-'	;Checksum didn't match
00098 1D00 003D M	IH_ErrorBadType        EQU                    '='                    ;IH_Type not recognized 
00099 1D00 002A M	IH_Ack	EQU	'*'	;We got a good Intel Hex line
00100 1D00      M	;
00101 1D00 0040 M	BlockSize	EQU	0x40
00102 1D00 0020 M	BlockWords	EQU	BlockSize/2	;0x20
00103 1D00 00E0 M	AddressMask	EQU	0xE0
00104 1D00      M	;
00105 1D00      M	;Contiguous ram 0x2000..0x21EF, 496 bytes
00106 1D00      M		cblock 0x2100		;0x0100 after start of ram
00107 1D00 2100 M		SourceBuffer:BlockSize
00108 1D00 2140 M		DestBuffer:BlockSize
00109 1D00 2180 M		SerialBuffer:BlockSize
00110 1D00      M		endc
00111 1D00      M	;
00112 1D00      M	;=========================================================================================
00113 1D00      M	;
00114 1D00      M	; Entry: DataEEProm255
00115 1D00      M	; Exit: goto ProgStartVector
00116 1D00      M	; Calls: none
00117 1D00      M	; RAM used: ALL
00118 1D00      M	;
00119 1D00 2689      M	BootLoader	call	InitializeBLIO	;returns w/ bank 0 selected
00120 1D01      M	;
00121 1D01 2605      M		call	ReadEEData	;Get Data from EEPROM (0xFF) 
00122 1D02 3AFF      M		xorlw	0xFF
00123 1D03 		SKPZ		;0xFF xor 0xFF = 0
00123 1D03 1D03      M		BTFSS	STATUS,Z		BTFSS	STATUS,Z
00124 1D04 320B 		bra	BootLoader_End
00125 1D05 	;
00126 1D05 	; Bootloader is active send "**"
00127 1D05 302A 		movlw	IH_Ack
00128 1D06 25FE 		call	SendChar
00129 1D07 302A 		movlw	IH_Ack
SMRRC.asm                                                             Page: 34
/Users/davidflynn/Projects/SerialMRRC/Firmware/

00130 1D08 25FE 		call	SendChar
00131 1D09 	;
00132 1D09 	;Initialize
00133 1D09 01A0 		clrf	PROG_ADDR_LO
00134 1D0A 01A1 		clrf	PROG_ADDR_HI
00135 1D0B 01A5 		clrf	IH_Addr_Hi
00136 1D0C 01A6 		clrf	IH_Addr_Hi+1
00137 1D0D 2642 		call	EraseSourceBuffer
00138 1D0E 	;
00139 1D0E 2512 		call	BL_Parse
00140 1D0F 	;	
00141 1D0F 	;if successful then clear EEProm(255)
00142 1D0F 260D 		call	WriteEEData
00143 1D10 	;
00144 1D10 3180 	BootLoader_End	movlp	0x00
00145 1D11 2802 		goto	ProgStartVector
00146 1D12 	;
00147 1D12 	;=========================================================================================
00148 1D12 	; Parse incoming data and do stuff
00149 1D12 	;
00150 1D12 10AC 	BL_Parse	bcf	DataInBuffer
00151 1D13 01AA 	BL_ParseNextLine	clrf	IH_State
00152 1D14 01A8 		clrf	IH_ByteCount
00153 1D15 01AD 		clrf	ChkSum
00154 1D16 25DE 		call                   FSR0_SerialBuffer
00155 1D17 	;
00156 1D17 102C 	BLP_L1	bcf	MSN_Done
00157 1D18 	;
00158 1D18 25ED 	BLP_L2	call	GetChar
00159 1D19 00F8 		movwf	Param78
00160 1D1A 303A 		movlw	':'
00161 1D1B 0278 		subwf	Param78,W
00162 1D1C 		SKPZ		;Char=":"
00162 1D1C 1D03      M		BTFSS	STATUS,Z		BTFSS	STATUS,Z
00163 1D1D 3203 		bra	BLP_TestNum	; No
00164 1D1E 	; It's a ":" so set state=1, wait for length
00165 1D1E 3001 		movlw	IHS_Length
00166 1D1F 00AA 		movwf	IH_State
00167 1D20 33F6 		bra	BLP_L1
00168 1D21 	;
00169 1D21 08AA 	BLP_TestNum	movf	IH_State,F
00170 1D22 		SKPNZ		;Are we waiting for a number?
00170 1D22 1903      M		BTFSC	STATUS,Z		BTFSC	STATUS,Z
00171 1D23 33F4 		bra	BLP_L2	; No
00172 1D24 	;
00173 1D24 3030 		movlw	0x30	;'0'
00174 1D25 0278 		subwf	Param78,W
00175 1D26 		SKPNB		;Char>="0"?
00175 1D26 1C03      M		BTFSS	STATUS,C		BTFSS	STATUS,C
00176 1D27 33EB 		bra	BL_ParseNextLine	; No start over
00177 1D28 303A 		movlw	0x3A	;':'
00178 1D29 0278 		subwf	Param78,W
00179 1D2A 		SKPNB                                         ;>"9"?
00179 1D2A 1C03      M		BTFSS	STATUS,C		BTFSS	STATUS,C
00180 1D2B 320A 		bra	BLP_TestNum_1          ; No, it's 0..9
00181 1D2C 3041 		movlw	0x41	;'A'
00182 1D2D 0278 		subwf	Param78,W
00183 1D2E 		SKPNB		;Char>="A"?
00183 1D2E 1C03      M		BTFSS	STATUS,C		BTFSS	STATUS,C
00184 1D2F 33E3 		bra	BL_ParseNextLine	; No start over
00185 1D30 3047 		movlw	0x47	;'G'
00186 1D31 0278 		subwf	Param78,W
00187 1D32 		SKPB		;Char<"G"
00187 1D32 1803      M		BTFSC	STATUS,C		BTFSC	STATUS,C
00188 1D33 33DF 		bra	BL_ParseNextLine	; No, start over
00189 1D34 3007 		movlw	0x07	; Yes, A..F
00190 1D35 02F8 		subwf	Param78,F              ;  make "A" "0"+.10
00191 1D36 	;
00192 1D36 3030 	BLP_TestNum_1	movlw	0x30
00193 1D37 02F8 		subwf	Param78,F	;'0' >> 0x00
00194 1D38 182C 		btfsc	MSN_Done
00195 1D39 3204 		bra	BLP_TestNum_2	;do low nibble
00196 1D3A 0E78 		swapf	Param78,W
00197 1D3B 00AB 		movwf	IH_TempVal
00198 1D3C 142C 		bsf	MSN_Done
00199 1D3D 33DA 		bra	BLP_L2                 ;go get the next char
00200 1D3E 	;
00201 1D3E 0878 	BLP_TestNum_2	movf	Param78,W
00202 1D3F 07AB 		addwf	IH_TempVal,F           ;add the low nibble
00203 1D40 	;
00204 1D40 	; We have a number in IH_TempVal
00205 1D40 082A 	                       movf                   IH_State,W
00206 1D41 3907 	                       andlw                  0x07
00207 1D42 000B 	                       brw
00208 1D43 33CF 	                       bra                    BL_ParseNextLine       ;IHS_WaitForColon already handled
00209 1D44 3206 	                       bra                    BLP_IHS_Length         ;Waiting for length byte
00210 1D45 3211 	                       bra                    BLP_IHS_AddrMSB        ;IHS_AddrMSB
00211 1D46 3214 	                       bra                    BLP_IHS_AddrLSB        ;IHS_AddrLSB
00212 1D47 3217 	                       bra                    BLP_IHS_DataType       ;IHS_DataType
00213 1D48 321D 	                       bra                    BLP_IHS_Data           ;IHS_Data
00214 1D49 3225 	                       bra                    BLP_IHS_CSum           ;IHS_CSum
00215 1D4A 33C8 	                       bra                    BL_ParseNextLine       ;oops
00216 1D4B 	;	
00217 1D4B 3041 	BLP_IHS_Length	movlw	.65	; Yes, is it in range 0..64?
00218 1D4C 022B 		subwf	IH_TempVal,W
00219 1D4D 		SKPNB		;<=64?
00219 1D4D 1C03      M		BTFSS	STATUS,C		BTFSS	STATUS,C
00220 1D4E 3203 		bra	BLP_SaveIH_Length
00221 1D4F 	;
SMRRC.asm                                                             Page: 35
/Users/davidflynn/Projects/SerialMRRC/Firmware/

00222 1D4F 302B 		movlw	IH_ErrorBadLen
00223 1D50 25FE 		call	SendChar
00224 1D51 2D13 		goto	BL_ParseNextLine
00225 1D52 	;
00226 1D52 082B 	BLP_SaveIH_Length	movf	IH_TempVal,W
00227 1D53 00A7 		movwf	IH_Bytes
00228 1D54 07AD 		addwf	ChkSum,F
00229 1D55 0AAA 	BLP_NextState	incf	IH_State,F
00230 1D56 2D17 		goto	BLP_L1
00231 1D57 	;
00232 1D57 082B 	BLP_IHS_AddrMSB	movf	IH_TempVal,W
00233 1D58 00A4 		movwf	IH_Addr_Lo+1
00234 1D59 07AD 		addwf	ChkSum,F
00235 1D5A 33FA 		bra	BLP_NextState
00236 1D5B 	;
00237 1D5B 082B 	BLP_IHS_AddrLSB	movf	IH_TempVal,W
00238 1D5C 00A3 		movwf	IH_Addr_Lo
00239 1D5D 07AD 		addwf	ChkSum,F
00240 1D5E 33F6 		bra	BLP_NextState
00241 1D5F 	;
00242 1D5F 082B 	BLP_IHS_DataType	movf	IH_TempVal,W
00243 1D60 00A9 		movwf	IH_Type
00244 1D61 07AD 		addwf	ChkSum,F
00245 1D62 	; Ship IHS_Data if length = 0
00246 1D62 08A7 		movf	IH_Bytes,F
00247 1D63 		SKPNZ		;Expecting zero length data?
00247 1D63 1903      M		BTFSC	STATUS,Z		BTFSC	STATUS,Z
00248 1D64 0AAA 		incf	IH_State,F	; Yes
00249 1D65 33EF 		bra	BLP_NextState
00250 1D66 	;
00251 1D66 082B 	BLP_IHS_Data	movf	IH_TempVal,W
00252 1D67 001A 		movwi	FSR0++
00253 1D68 07AD 		addwf	ChkSum,F
00254 1D69 0AA8 		incf	IH_ByteCount,F
00255 1D6A 	; if IH_ByteCount=IH_Bytes then next state
00256 1D6A 0828 		movf	IH_ByteCount,W
00257 1D6B 0227 		subwf	IH_Bytes,W
00258 1D6C 		SKPZ		;Done with data?
00258 1D6C 1D03      M		BTFSS	STATUS,Z		BTFSS	STATUS,Z
00259 1D6D 2D17 		goto	BLP_L1	; No
00260 1D6E 33E6 		bra	BLP_NextState	; Yes
00261 1D6F 	;
00262 1D6F 	BLP_IHS_CSum:
00263 1D6F 	; get 2's comp
00264 1D6F 01F8 		clrf	Param78
00265 1D70 082D 		movf	ChkSum,W
00266 1D71 0278 		subwf	Param78,W
00267 1D72 022B 		subwf	IH_TempVal,W
00268 1D73 		SKPNZ		;Checksum matches?
00268 1D73 1903      M		BTFSC	STATUS,Z		BTFSC	STATUS,Z
00269 1D74 3203 		bra	BLP_Validate           ; Yes
00270 1D75 	;
00271 1D75 302D 		movlw	IH_ErrorBadCSum
00272 1D76 25FE 		call	SendChar
00273 1D77 2D13 		goto	BL_ParseNextLine
00274 1D78 	;
00275 1D78 	;===================
00276 1D78 	; We have received a complete Intel Hex command
00277 1D78 	;
00278 1D78 0829 	BLP_Validate	movf                   IH_Type,W
00279 1D79 39F8 	                       andlw                  0xF8
00280 1D7A 	                       SKPZ
00280 1D7A 1D03      M		BTFSS	STATUS,Z		BTFSS	STATUS,Z
00281 1D7B 3218 	                       bra                    BLPV_BadType
00282 1D7C 	;
00283 1D7C 0829 	                       movf                   IH_Type,W
00284 1D7D 000B 	                       brw
00285 1D7E 320B 	                       bra                    BLPV_Data              ;IHT_Data
00286 1D7F 3206 	                       bra                    BLPV_EndCmd            ;IHT_End
00287 1D80 3213 	                       bra                    BLPV_BadType           ;IHT_XSA
00288 1D81 3212 	                       bra                    BLPV_BadType           ;IHT_SSA
00289 1D82 3209 	                       bra                    BLPV_HighAddr          ;IHT_HighAddr
00290 1D83 3210 	                       bra                    BLPV_BadType           ;IHT_SLA
00291 1D84 320F 	                       bra                    BLPV_BadType           ;6
00292 1D85 320E 	                       bra                    BLPV_BadType           ;7
00293 1D86 	;---------------------
00294 1D86 	; handle end command
00295 1D86 18AC 	BLPV_EndCmd	btfsc	DataInBuffer
00296 1D87 25CD 		call	BLP_WriteBuffer
00297 1D88 302A 		movlw	IH_Ack
00298 1D89 2DFE 	                       goto	SendChar
00299 1D8A 	;
00300 1D8A 	;---------------------
00301 1D8A 	; handle data
00302 1D8A 2596 	BLPV_Data	call	BufferIHData           ;Move to source buffer
00303 1D8B 3205 	                       bra                    BLPV_Exit_Ack
00304 1D8C 	;
00305 1D8C 	;---------------------
00306 1D8C 	; handle high address change
00307 1D8C 25DE 	BLPV_HighAddr	call                   FSR0_SerialBuffer
00308 1D8D 0012 		moviw	FSR0++
00309 1D8E 00A6 		movwf	IH_Addr_Hi+1
00310 1D8F 0012 		moviw	FSR0++
00311 1D90 00A5 		movwf	IH_Addr_Hi
00312 1D91 302A 	BLPV_Exit_Ack	movlw	IH_Ack
00313 1D92 25FE 	BLPV_Exit	call	SendChar
00314 1D93 2D13 		goto	BL_ParseNextLine
00315 1D94 	;---------------------
00316 1D94 303D 	BLPV_BadType           movlw                  IH_ErrorBadType
SMRRC.asm                                                             Page: 36
/Users/davidflynn/Projects/SerialMRRC/Firmware/

00317 1D95 33FC 	                       bra                    BLPV_Exit
00318 1D96 	;
00319 1D96 	;===========================================
00320 1D96 	; Validate address is in range and move to SourceBuffer
00321 1D96 	;
00322 1D96 	; Entry: DataInBuffer, IH_ByteCount, Data in SerialBuffer, 32bit address IH_Addr_Hi:IH_Addr_Lo
00323 1D96 	; Exit: SourceBuffer, DataInBuffer, ProgWordCount, PROG_ADDR_HI:PROG_ADDR_LO
00324 1D96 	; 
00325 1D96 	; check address range, max 32K program words
00326 1D96 0825 	BufferIHData	movf	IH_Addr_Hi,W
00327 1D97 0426 		iorwf	IH_Addr_Hi+1,W
00328 1D98 		SKPZ		;High address = 0x0000 ?
00328 1D98 1D03      M		BTFSS	STATUS,Z		BTFSS	STATUS,Z
00329 1D99 0008 		return		; No, > 64KB or 32K words
00330 1D9A 	;
00331 1D9A 	; convert to words, IH_Addr_Lo = IH_Addr_Lo / 2
00332 1D9A 36A4 		lsrf	IH_Addr_Lo+1,F
00333 1D9B 0CA3 		rrf	IH_Addr_Lo,F
00334 1D9C 301D 		movlw	high BootLoaderStart   ;0x0E
00335 1D9D 0224 		subwf	IH_Addr_Lo+1,W
00336 1D9E 		SKPB		;BootLoaderStart > IH_Addr_Lo?
00336 1D9E 1803      M		BTFSC	STATUS,C		BTFSC	STATUS,C
00337 1D9F 0008 		return		; No, don't allow overwrite of bootloader
00338 1DA0 	;
00339 1DA0 1CAC 		btfss	DataInBuffer	;Any old data in the buffer?
00340 1DA1 320D 		bra	BIHD_PutInBuff	; No
00341 1DA2 	;
00342 1DA2 	; Continue filling buffer or flush and add to new buffer?
00343 1DA2 	;
00344 1DA2 0824 		movf	IH_Addr_Lo+1,W
00345 1DA3 0221 		subwf	PROG_ADDR_HI,W
00346 1DA4 		SKPZ		;MSB of Address Matches?
00346 1DA4 1D03      M		BTFSS	STATUS,Z		BTFSS	STATUS,Z
00347 1DA5 3208 		bra	BIHD_FlushBuff	; No, write current data to PFM
00348 1DA6 	;
00349 1DA6 30E0 		movlw	AddressMask
00350 1DA7 0520 		andwf	PROG_ADDR_LO,W
00351 1DA8 00F8 		movwf	Param78                ;Param78 = Prog Address LSB & 0xE0
00352 1DA9 30E0 		movlw	AddressMask
00353 1DAA 0523 		andwf	IH_Addr_Lo,W           ;W = IH Word Address LSB & 0xE0
00354 1DAB 0278 		subwf	Param78,W
00355 1DAC 		SKPNZ		;Row Address Matches?
00355 1DAC 1903      M		BTFSC	STATUS,Z		BTFSC	STATUS,Z
00356 1DAD 320A 		bra	BIHD_PutInBuff_E2	; Yes
00357 1DAE 	;
00358 1DAE 25CD 	BIHD_FlushBuff	call	BLP_WriteBuffer
00359 1DAF 	;
00360 1DAF 	; Entry: IH_Addr_Lo=Word Address
00361 1DAF 	; 
00362 1DAF 0823 	BIHD_PutInBuff	movf	IH_Addr_Lo,W           ;was converted to words
00363 1DB0 39E0 		andlw	AddressMask            ; 0xE0
00364 1DB1 00A0 		movwf	PROG_ADDR_LO
00365 1DB2 0824 		movf	IH_Addr_Lo+1,W
00366 1DB3 00A1 		movwf	PROG_ADDR_HI
00367 1DB4 	; ProgWordCount = 0x1F & IH_Addr_Lo
00368 1DB4 30FF 		movlw	0xFF
00369 1DB5 3AE0 		xorlw	AddressMask	;0x1F
00370 1DB6 0523 		andwf	IH_Addr_Lo,W	;Offset within block
00371 1DB7 00A2 		movwf	ProgWordCount
00372 1DB8 	;
00373 1DB8 25DE 	BIHD_PutInBuff_E2	call                   FSR0_SerialBuffer
00374 1DB9 	;
00375 1DB9 	; FSR1 = SourceBuffer + ProgWordCount * 2
00376 1DB9 3522 		lslf	ProgWordCount,W	;ProgWordCount * 2
00377 1DBA 3E00 		addlw	low SourceBuffer
00378 1DBB 0086 		movwf	FSR1L
00379 1DBC 3021 		movlw	high SourceBuffer
00380 1DBD 0087 		movwf	FSR1H
00381 1DBE 	;
00382 1DBE 	;Param79 = IH_ByteCount
00383 1DBE 0828 		movf	IH_ByteCount,W
00384 1DBF 00F9 		movwf	Param79
00385 1DC0 	;ProgWordCount += IH_ByteCount / 2
00386 1DC0 3628 		lsrf	IH_ByteCount,W	; divide by 2
00387 1DC1 07A2 		addwf	ProgWordCount,F
00388 1DC2 	;
00389 1DC2 0012 	BIHD_PutInBuff_L1	moviw	FSR0++                 ;move SerialBuffer
00390 1DC3 001E 		movwi	FSR1++                 ;to SourceBuffer
00391 1DC4 0BF9 		decfsz	Param79,F
00392 1DC5 33FC 		bra	BIHD_PutInBuff_L1
00393 1DC6 	;
00394 1DC6 14AC 		bsf	DataInBuffer
00395 1DC7 	;
00396 1DC7 3020 		movlw	BlockWords             ;0x20
00397 1DC8 0222 		subwf	ProgWordCount,W        ;W = ProgWordCount - 0x20
00398 1DC9 		SKPNZ		;buffer full?
00398 1DC9 1903      M		BTFSC	STATUS,Z		BTFSC	STATUS,Z
00399 1DCA 3202 		bra	BLP_WriteBuffer	; Yes, ProgWordCount = 0x20
00400 1DCB 		SKPNB		;Overflow? This should not happen.
00400 1DCB 1C03      M		BTFSS	STATUS,C		BTFSS	STATUS,C
00401 1DCC 0008 		return		; No, ProgWordCount < 0x20
00402 1DCD 	;
00403 1DCD 	; fall thru to BLP_WriteBuffer
00404 1DCD 	;=============================================
00405 1DCD 	; Write SourceBuffer to Prog memory
00406 1DCD 	;
00407 1DCD 	; Entry: SourceBuffer, ProgWordCount, PROG_ADDR_HI:PROG_ADDR_LO
00408 1DCD 	;
00409 1DCD 	BLP_WriteBuffer:
SMRRC.asm                                                             Page: 37
/Users/davidflynn/Projects/SerialMRRC/Firmware/

00410 1DCD 	; copy old prog mem to DestBuffer
00411 1DCD 25E3 		call                   FSR1_DestBuff
00412 1DCE 264D 		call	ReadProgBlock
00413 1DCF 	;
00414 1DCF 3000 		movlw	low SourceBuffer	;new data
00415 1DD0 0084 		movwf	FSR0L
00416 1DD1 3021 		movlw	high SourceBuffer
00417 1DD2 0085 		movwf	FSR0H	
00418 1DD3 25E3 		call                   FSR1_DestBuff          ;old data
00419 1DD4 2628 		call	CompareBlock
00420 1DD5 	;
00421 1DD5 1809 		btfsc	WREG,0	;Matches?
00422 1DD6 3206 		bra	BLP_WriteBuffer_end	; Yes
00423 1DD7 	;	
00424 1DD7 25E3 		call                   FSR1_DestBuff
00425 1DD8 261B 		call	TestErased
00426 1DD9 1C09 		btfss	WREG,0	;Erased?
00427 1DDA 265C 		call	EraseProgBlock	; No, Erase it.
00428 1DDB 	;
00429 1DDB 25E8 		call                   FSR1_SourceBuffer	
00430 1DDC 266C 		call	WriteProgBlock
00431 1DDD 	;
00432 1DDD 2E42 	BLP_WriteBuffer_end	goto	EraseSourceBuffer
00433 1DDE 	;
00434 1DDE 	;---------------------
00435 1DDE 3080 	FSR0_SerialBuffer      movlw	low SerialBuffer
00436 1DDF 0084 		movwf	FSR0L
00437 1DE0 3021 		movlw	high SerialBuffer
00438 1DE1 0085 		movwf	FSR0H
00439 1DE2 0008 		return
00440 1DE3 	;
00441 1DE3 	;---------------------
00442 1DE3 3040 	FSR1_DestBuff          movlw	low DestBuffer
00443 1DE4 0086 		movwf	FSR1L
00444 1DE5 3021 		movlw	high DestBuffer
00445 1DE6 0087 		movwf	FSR1H
00446 1DE7 0008 		return
00447 1DE8 	;
00448 1DE8 	;---------------------
00449 1DE8 3000 	FSR1_SourceBuffer      movlw	low SourceBuffer
00450 1DE9 0086 		movwf	FSR1L
00451 1DEA 3021 		movlw	high SourceBuffer
00452 1DEB 0087 		movwf	FSR1H
00453 1DEC 0008 		return
00454 1DED 	;
00455 1DED 	;==============================================
00456 1DED 	; Get a byte from UART, waits forever
00457 1DED 	;
00458 1DED 	; Entry: none
00459 1DED 	; Exit: W=Char
00460 1DED 	;
00461 1DED 014E 	GetChar	movlb	PIR3                   ;bank 14
00462 1DEE 1F8F 		btfss	PIR3,RC2IF	;RX has a byte?
00463 1DEF 33FD 		bra	GetChar
00464 1DF0 	;
00465 1DF0 0154 		movlb	RC2STA	; bank 2
00466 1DF1 081D 		movf	RC2STA,W
00467 1DF2 3906 		andlw	0x06
00468 1DF3 		SKPZ		;Frame or Overrun Err?
00468 1DF3 1D03      M		BTFSS	STATUS,Z		BTFSS	STATUS,Z
00469 1DF4 3203 		bra	GetChar_Err	; yes
00470 1DF5 0819 		movf	RC2REG,W
00471 1DF6 	;
00472 1DF6 0140 		movlb	0	;bank 0
00473 1DF7 0008 		return
00474 1DF8 	;
00475 1DF8 0819 	GetChar_Err	MOVF	RC2REG,W	;bad byte so drop it
00476 1DF9 121D 		bcf	RC2STA,RC2STA_CREN
00477 1DFA 111D 		bcf	RC2STA,RC2STA_FERR
00478 1DFB 109D 		bcf	RC2STA,RC2STA_OERR
00479 1DFC 161D 		bsf	RC2STA,RC2STA_CREN
00480 1DFD 33EF 		bra	GetChar
00481 1DFE 	;
00482 1DFE 	;==============================================
00483 1DFE 	; Send a byte to UART
00484 1DFE 	;
00485 1DFE 	; Entry: W=Char to send
00486 1DFE 014E 	SendChar               movlb	PIR3                   ;bank 14
00487 1DFF 1F0F 	SendChar_L1	btfss	PIR3,TX2IF	;TX done?
00488 1E00 33FE 		bra	SendChar_L1            ; No
00489 1E01 0154 		movlb	TX2REG
00490 1E02 009A 		movwf	TX2REG
00491 1E03 0140 		movlb	0                      ;bank 0
00492 1E04 0008 		return
00493 1E05 	;	
00494 1E05 	;==============================================
00495 1E05 	; Read SAF(255)
00496 1E05 	;
00497 1E05 	; entry: none
00498 1E05 	; exit: W=SAF data, Bank 0 selected
00499 1E05 	;
00500 1E05 30FF 	ReadEEData	movlw	0xFF
00501 1E06 0084 		movwf	FSR0L
00502 1E07 301F 		movlw	high SAFAddress
00503 1E08 1789 		bsf	WREG,7
00504 1E09 0085 		movwf	FSR0H
00505 1E0A 		movfw	INDF0
00505 1E0A 0800      M		MOVF	INDF0,W		MOVF	src,W
00506 1E0B 0140 		MOVLB	0x00	;Bank 0
SMRRC.asm                                                             Page: 38
/Users/davidflynn/Projects/SerialMRRC/Firmware/

00507 1E0C 0008 		return
00508 1E0D 	;
00509 1E0D 	;==============================================
00510 1E0D 	; Clear EEProm(255)
00511 1E0D 	;
00512 1E0D 	; entry: none
00513 1E0D 	; exit: Bank 0 selected
00514 1E0D 	;
00515 1E0D 0150 	WriteEEData	movlb                  NVMADRL                ;bank 16
00516 1E0E 131E 	                       bcf                    NVMCON1,NVMCON1_NVMREGS	;Prog mem
00517 1E0F 30FF 	                       movlw                  0xFF
00518 1E10 009A 	                       movwf                  NVMADRL
00519 1E11 301F 		movlw                  high SAFAddress
00520 1E12 009B 		movwf                  NVMADRH
00521 1E13 019C 		clrf                   NVMDATL
00522 1E14 	;
00523 1E14 151E 		bsf                    NVMCON1,NVMCON1_WREN
00524 1E15 2683 		call                   NVM_WriteSequence
00525 1E16 	;
00526 1E16 189E 	WriteEEData_L1	btfsc	NVMCON1,NVMCON1_WR	
00527 1E17 33FE 		bra	WriteEEData_L1
00528 1E18 111E 		bcf	NVMCON1,NVMCON1_WREN
00529 1E19 0140 		movlb	0x00	;Bank 0
00530 1E1A 0008 		return	
00531 1E1B 	;
00532 1E1B 	;==============================================
00533 1E1B 	; Test if block is erased
00534 1E1B 	;
00535 1E1B 	; Entry: FSR1 -> current data
00536 1E1B 	; Exit: W=1 if new = blank else W=0
00537 1E1B 	;
00538 1E1B 3020 	TestErased	movlw	BlockWords
00539 1E1C 00F9 		movwf	Param79
00540 1E1D 0016 	TestErased_L1	moviw	FSR1++	;LSB
00541 1E1E 3CFF 		sublw	0xFF
00542 1E1F 		SKPZ		;=0xFF?
00542 1E1F 1D03      M		BTFSS	STATUS,Z		BTFSS	STATUS,Z
00543 1E20 3400 		retlw	0x00	; No
00544 1E21 	;
00545 1E21 0016 		moviw	FSR1++	;MSB
00546 1E22 3C3F 		sublw	0x3F
00547 1E23 		SKPZ		;=0x3F?
00547 1E23 1D03      M		BTFSS	STATUS,Z		BTFSS	STATUS,Z
00548 1E24 3400 		retlw	0x00	; No
00549 1E25 	;
00550 1E25 0BF9 		decfsz	Param79,F
00551 1E26 33F6 		bra	TestErased_L1
00552 1E27 3401 		retlw	0x01                   ;All words are 0x3FFF
00553 1E28 	;
00554 1E28 	;==============================================
00555 1E28 	; Compare Block
00556 1E28 	;
00557 1E28 	; Entry: FSR0 -> new data, FSR1 -> current data
00558 1E28 	; Exit: W=1 if new = current else W=0
00559 1E28 	;
00560 1E28 3020 	CompareBlock	movlw	BlockWords
00561 1E29 00F9 		movwf	Param79
00562 1E2A 0012 	CompareBlock_L1	moviw	FSR0++	;LSB
00563 1E2B 00F7 		movwf	Param77
00564 1E2C 0012 		moviw	FSR0++	;MSB
00565 1E2D 00F8 		movwf	Param78
00566 1E2E 	; skip?
00567 1E2E 3C3F 		sublw	0x3F
00568 1E2F 		SKPZ
00568 1E2F 1D03      M		BTFSS	STATUS,Z		BTFSS	STATUS,Z
00569 1E30 3206 		bra	CB_NotBlank
00570 1E31 0A77 		incf	Param77,W
00571 1E32 		SKPZ
00571 1E32 1D03      M		BTFSS	STATUS,Z		BTFSS	STATUS,Z
00572 1E33 3203 		bra	CB_NotBlank
00573 1E34 0016 		moviw	FSR1++
00574 1E35 0016 		moviw	FSR1++
00575 1E36 3208 		bra	CB_Next
00576 1E37 	;
00577 1E37 0016 	CB_NotBlank	moviw	FSR1++
00578 1E38 0277 		subwf	Param77,W
00579 1E39 		SKPZ		;Matches?
00579 1E39 1D03      M		BTFSS	STATUS,Z		BTFSS	STATUS,Z
00580 1E3A 3400 		retlw	0x00	; No
00581 1E3B 0016 		moviw	FSR1++
00582 1E3C 0278 		subwf	Param78,W
00583 1E3D 		SKPZ		;Matches?
00583 1E3D 1D03      M		BTFSS	STATUS,Z		BTFSS	STATUS,Z
00584 1E3E 3400 		retlw	0x00	; No
00585 1E3F 	;
00586 1E3F 0BF9 	CB_Next	decfsz	Param79,F
00587 1E40 33E9 		bra	CompareBlock_L1
00588 1E41 3401 		retlw	0x01	;It's a match!
00589 1E42 	;
00590 1E42 	;==============================================
00591 1E42 	; Fill SourceBuffer w/ 0x3FFF
00592 1E42 	;
00593 1E42 25E8 	EraseSourceBuffer	call                   FSR1_SourceBuffer
00594 1E43 10AC 	                       bcf	DataInBuffer           ;mark SourceBuffer as empty
00595 1E44 	;
00596 1E44 	; Fall thru to EraseBlock
00597 1E44 	;==============================================
00598 1E44 	; Erase Block (Fill with 0x3FFF)
00599 1E44 	;
SMRRC.asm                                                             Page: 39
/Users/davidflynn/Projects/SerialMRRC/Firmware/

00600 1E44 	; Entry: FSR1
00601 1E44 	;
00602 1E44 3020 	EraseBlock	movlw	BlockWords
00603 1E45 00F9 		movwf	Param79
00604 1E46 30FF 	EraseBlock_L1	movlw	0xFF
00605 1E47 001E 		movwi	FSR1++
00606 1E48 303F 		movlw	0x3F
00607 1E49 001E 		movwi	FSR1++
00608 1E4A 0BF9 		decfsz	Param79,F
00609 1E4B 33FA 		bra	EraseBlock_L1
00610 1E4C 0008 		return
00611 1E4D 	;	
00612 1E4D 	;==============================================
00613 1E4D 	; Read Program memory block
00614 1E4D 	;
00615 1E4D 	; Entry: FSR1,PROG_ADDR_HI:PROG_ADDR_LO
00616 1E4D 	; Exit: FSR1 changed, 32 words >> (FSR1++)
00617 1E4D 	;
00618 1E4D 2664 	ReadProgBlock	call	LoadProgAddr
00619 1E4E 131E 		bcf                    NVMCON1,NVMCON1_NVMREGS        ; Do not select Configuration Space
00620 1E4F 3020 		movlw	BlockWords	;Block is .32 words
00621 1E50 00F9 		movwf	Param79
00622 1E51 141E 	ReadProgBlock_L1	bsf	NVMCON1,NVMCON1_RD	; Initiate read
00623 1E52 081C 		movf	NVMDATL,W	; Get LSB of word
00624 1E53 001E 		movwi	FSR1++	; Store in user location
00625 1E54 081D 		MOVF	NVMDATH,W	; Get MSB of word
00626 1E55 001E 		movwi	FSR1++	; Store in user location
00627 1E56 0BF9 		decfsz	Param79,F
00628 1E57 3202 		bra	ReadProgBlock_1
00629 1E58 0140 		movlb	0
00630 1E59 0008 		return
00631 1E5A 	;
00632 1E5A 0A9A 	ReadProgBlock_1	incf	NVMADRL,F
00633 1E5B 33F5 		bra	ReadProgBlock_L1
00634 1E5C 	;
00635 1E5C 	;=====================================================
00636 1E5C 	; Erase Program memory block
00637 1E5C 	;
00638 1E5C 	; Entry: PROG_ADDR_HI:PROG_ADDR_LO
00639 1E5C 	;
00640 1E5C 2664 	EraseProgBlock	call	LoadProgAddr
00641 1E5D 131E 	                       bcf                    NVMCON1,NVMCON1_NVMREGS        ; Do not select Configuration Space
00642 1E5E 161E 		bsf	NVMCON1,NVMCON1_FREE	;Specify an erase operation, automaticaly cleared
00643 1E5F 151E 		bsf	NVMCON1,NVMCON1_WREN	;Enable writes
00644 1E60 2683 		call                   NVM_WriteSequence      ;Set WR bit to begin erase
00645 1E61 111E 		bcf	NVMCON1,NVMCON1_WREN	;Disable writes
00646 1E62 0140 		movlb	0
00647 1E63 0008 		return
00648 1E64 	;
00649 1E64 	;=========================================================
00650 1E64 	; Load the program address PROG_ADDR_HI:PROG_ADDR_LO into EEADRH:EEADRL
00651 1E64 	;
00652 1E64 	; Entry: PROG_ADDR_HI:PROG_ADDR_LO, bank 0
00653 1E64 	; Exit: bank 16
00654 1E64 	;
00655 1E64 0821 	LoadProgAddr	movf	PROG_ADDR_HI,W
00656 1E65 0150 		movlb	NVMADRH	;bank 16
00657 1E66 009B 		movwf	NVMADRH	; Store MSB of address
00658 1E67 0140 		movlb	0	;bank 0
00659 1E68 0820 		movf	PROG_ADDR_LO,W
00660 1E69 0150 		movlb	NVMADRL	;bank 16
00661 1E6A 009A 		movwf	NVMADRL	; Store LSB of address
00662 1E6B 0008 		return
00663 1E6C 	;
00664 1E6C 	;==========================================================
00665 1E6C 	; Write Program memory block
00666 1E6C 	;
00667 1E6C 	; Entry: PROG_ADDR_HI:PROG_ADDR_LO, FSR1
00668 1E6C 	; Exit: FSR1 changed
00669 1E6C 	; 
00670 1E6C 2664 	WriteProgBlock	call	LoadProgAddr
00671 1E6D 131E 	                       bcf                    NVMCON1,NVMCON1_NVMREGS        ; Do not select Configuration Space
00672 1E6E 151E 		bsf	NVMCON1,NVMCON1_WREN	;Enable writes
00673 1E6F 169E 		bsf	NVMCON1,NVMCON1_LWLO	;Only Load Write Latches
00674 1E70 3020 		movlw	BlockWords
00675 1E71 00F9 		movwf	Param79
00676 1E72 	;
00677 1E72 0016 	WriteProgBlock_L1	moviw	FSR1++
00678 1E73 009C 		movwf	NVMDATL
00679 1E74 0016 		moviw	FSR1++
00680 1E75 009D 		movwf	NVMDATH
00681 1E76 	;
00682 1E76 081A 		movf	NVMADRL,W
00683 1E77 3A1F 		xorlw	0x1F
00684 1E78 391F 		andlw	0x1F
00685 1E79 1903 		btfsc	_Z	;EEADRL = xxx1 1111?
00686 1E7A 3203 		bra	WriteProgBlock_Wr	; Yes
00687 1E7B 	;
00688 1E7B 2683 		call                   NVM_WriteSequence	; Set WR bit to begin write to latches
00689 1E7C 0A9A 		incf	NVMADRL,F
00690 1E7D 33F4 		bra	WriteProgBlock_L1
00691 1E7E 	;
00692 1E7E 129E 	WriteProgBlock_Wr	bcf	NVMCON1,NVMCON1_LWLO	; Write memory not latches
00693 1E7F 2683 	                       call                   NVM_WriteSequence
00694 1E80 111E 		bcf	NVMCON1,NVMCON1_WREN	;Disable writes
00695 1E81 	;
00696 1E81 0140 		movlb	0
00697 1E82 0008 		return	
00698 1E83 	;
SMRRC.asm                                                             Page: 40
/Users/davidflynn/Projects/SerialMRRC/Firmware/

00699 1E83 	;===================
00700 1E83 3055 	NVM_WriteSequence      movlw	0x55	; Start of required write sequence:
00701 1E84 009F 		movwf	NVMCON2
00702 1E85 30AA 		movlw	0xAA
00703 1E86 009F 		movwf	NVMCON2
00704 1E87 149E 		bsf	NVMCON1,NVMCON1_WR	; Set WR bit to begin write
00705 1E88 0008 		return
00706 1E89 	;
00707 1E89 	;============================================================
00708 1E89 	; call once
00709 1E89 	;
00710 1E89 017E 	InitializeBLIO	movlb	ANSELA                 ;bank 30
00711 1E8A 01B8 		clrf	ANSELA
00712 1E8B 01C3 		clrf                   ANSELB
00713 1E8C 01CE 		clrf	ANSELC
00714 1E8D 	;
00715 1E8D 0140 		movlb	0	;bank 0
00716 1E8E 3000 		movlw	PortA_Init_Value
00717 1E8F 0098 		movwf	LATA
00718 1E90 3000 		movlw                  PortB_Init_Value
00719 1E91 0099 		movwf                  LATB
00720 1E92 3000 		movlw	PortC_Init_Value
00721 1E93 009A 		movwf	LATC
00722 1E94 	;
00723 1E94 30FF 	                       movlw                  PortA_Tris_Bits
00724 1E95 0092 	                       movwf                  TRISA
00725 1E96 30AF 	                       movlw                  PortB_Tris_Bits
00726 1E97 0093 	                       movwf                  TRISB
00727 1E98 30FF 	                       movlw                  PortC_Tris_Bits
00728 1E99 0094 	                       movwf                  TRISC
00729 1E9A 	;
00730 1E9A 	;=============================
00731 1E9A 	;
00732 1E9A 	; setup serial I/O on RC0/TX2, RC1/RX2
00733 1E9A 	;
00734 1E9A 	;Note:using dfault values
00735 1E9A 	;	movlb	RX2DTPPS	;bank 29
00736 1E9A 	;	movlw	0x11	;RC1, default
00737 1E9A 	;	movwf	RX2DTPPS
00738 1E9A 	;	movlw	0x10	;RC0, default
00739 1E9A 	;	movwf	TX2CKPPS
00740 1E9A 	;
00741 1E9A 	;	movlb	RC0PPS                 ;bank 30
00742 1E9A 	;	movlw	0x10	;TX2/CK2  signal
00743 1E9A 	;	movwf	RC0PPS
00744 1E9A 	;
00745 1E9A 0154 		movlb	BAUD2CON	;bank 2
00746 1E9B 3008 		movlw	BAUD2CON_Value
00747 1E9C 009F 		movwf	BAUD2CON
00748 1E9D 30CF 		MOVLW	low BaudRate
00749 1E9E 009B 		MOVWF	SP2BRGL
00750 1E9F 3000 		MOVLW	high BaudRate
00751 1EA0 009C 		MOVWF	SP2BRGH
00752 1EA1 	;
00753 1EA1 179D 		bsf	RC2STA,RC2STA_SPEN
00754 1EA2 161D 		bsf	RC2STA,RC2STA_CREN
00755 1EA3 	;
00756 1EA3 121E 		bcf	TX2STA,TX2STA_SYNC
00757 1EA4 151E 		bsf	TX2STA,TX2STA_BRGH
00758 1EA5 169E 		bsf	TX2STA,TX2STA_TXEN
00759 1EA6 	;
00760 1EA6 	;
00761 1EA6 0140 		movlb	0	; bank 0
00762 1EA7 	;
00763 1EA7 0008 		return
00764 1EA8 	;
00765 1EA8 	;
00766 1EA8 	 
00767 1EA8 	 
00768 1EA8 	 
00769 1EA8 	 
00770 1EA8 	 
00771 1EA8 	 
00772 1EA8 	 
00773 1EA8 	 
00774 1EA8 	 
00775 1EA8 	 
00776 1EA8 	 
00777 1EA8 	 
00778 1EA8 	 
00779 1EA8 	 
00780 1EA8 	 
00781 1EA8 	 
00782 1EA8 	 
00783 1EA8 	 
00784 1EA8 	 
00785 1EA8 	 
00786 1EA8 	 
00787 1EA8 	 
00788 1EA8 	 
00789 1EA8 	 
00790 1EA8 	 
00791 1EA8 	 
00792 1EA8 	 
00863 1EA8 		endif
00864 1EA8 	;
00865 1EA8 		END

X-Ref Table
SMRRC.asm   X-Ref Table                                                  Page: 41
/Users/davidflynn/Projects/SerialMRRC/Firmware/

ANSELA	1F38 	InitializeIO, InitializeBLIO
ANSELB	1F43 	InitializeIO, InitializeBLIO
ANSELC	1F4E 	InitializeIO, InitializeBLIO
AddressMask	00E0 	BufferIHData, BIHD_PutInBuff
AllDataRXd	RX_ParseFlags,6	RS232_Parse, RS232_Parse_DALo_End
BAUD1CON	011F 	InitializeIO
BAUD1CON_Value	0008 	InitializeIO
BAUD2CON	0A1F 	InitializeIO, InitializeBLIO
BAUD2CON_Value	0008 	InitializeIO, InitializeBLIO
BIHD_FlushBuff ^	1DAE 	BufferIHData
BIHD_PutInBuff ^	1DAF 	BufferIHData
BIHD_PutInBuff_E2 ^	1DB8 	BufferIHData
BIHD_PutInBuff_L1 ^	1DC2 	BIHD_PutInBuff_L1
BLPV_BadType ^	1D94 	BLP_Validate
BLPV_Data ^	1D8A 	BLP_Validate
BLPV_EndCmd ^	1D86 	BLP_Validate
BLPV_Exit ^	1D92 	BLPV_BadType
BLPV_Exit_Ack ^	1D91 	BLPV_Data
BLPV_HighAddr ^	1D8C 	BLP_Validate
BLP_IHS_AddrLSB ^	1D5B 	BLP_TestNum_2
BLP_IHS_AddrMSB ^	1D57 	BLP_TestNum_2
BLP_IHS_CSum ^	1D6F 	BLP_TestNum_2
BLP_IHS_Data ^	1D66 	BLP_TestNum_2
BLP_IHS_DataType ^	1D5F 	BLP_TestNum_2
BLP_IHS_Length ^	1D4B 	BLP_TestNum_2
BLP_L1 ^	1D17 	BLP_L2, BLP_NextState, BLP_IHS_Data
BLP_L2 ^	1D18 	BLP_TestNum, BLP_TestNum_1
BLP_NextState ^	1D55 	BLP_IHS_AddrMSB, BLP_IHS_AddrLSB, BLP_IHS_DataType, BLP_IHS_Data
BLP_SaveIH_Length ^	1D52 	BLP_IHS_Length
BLP_TestNum ^	1D21 	BLP_L2
BLP_TestNum_1 ^	1D36 	BLP_TestNum
BLP_TestNum_2 ^	1D3E 	BLP_TestNum_1
BLP_Validate ^	1D78 	BLP_IHS_CSum
BLP_WriteBuffer ^	1DCD 	BLPV_EndCmd, BIHD_FlushBuff, BIHD_PutInBuff_L1
BLP_WriteBuffer_end ^	1DDD 	BLP_WriteBuffer
BL_Parse ^	1D12 	BootLoaderStart
BL_ParseNextLine ^	1D13 	BLP_TestNum, BLP_TestNum_2, BLP_IHS_Length, BLP_IHS_CSum
		BLPV_Exit
BaudRate	00CF 	InitializeIO, InitializeBLIO
BlockSize	0040 	BootLoaderStart
BlockWords	0020 	BIHD_PutInBuff_L1, TestErased, CompareBlock, EraseSourceBuffer, ReadProgBlock
		WriteProgBlock
BootLoaderStart ^	1D00 	, StoreSerOut_S0, BufferIHData
BootLoader_End ^	1D10 	BootLoaderStart
BufferIHData ^	1D96 	BLPV_Data
C	0000 	Cmd_SetMode, BLP_TestNum, BLP_IHS_Length, BufferIHData, BIHD_PutInBuff_L1
CB_Next ^	1E3F 	CompareBlock_L1
CB_NotBlank ^	1E37 	CompareBlock_L1
ChkSum	002D 	BootLoaderStart, BL_ParseNextLine, BLP_SaveIH_Length, BLP_IHS_AddrMSB
		BLP_IHS_AddrLSB, BLP_IHS_DataType, BLP_IHS_Data, BLP_IHS_CSum
ClearRam ^	0032 	InitializeIO
ClearRam_2 ^	004E 	ClearRam
ClearRam_L2 ^	0057 	ClearRam, ClearRam_2, ClearRam_L2
Cmd_GetMode ^	089F 	HandleRXData_1
Cmd_GetStatus ^	08AA 	Dispatcher_4
Cmd_RestoreParams ^	08A6 	Dispatcher_4
Cmd_RunBootloader ^	08B5 	Dispatcher_4
Cmd_SaveParams ^	08A2 	Dispatcher_4
Cmd_SendIDString ^	08C7 	Dispatcher_6
Cmd_SendIDString_L1 ^	08C8 	Cmd_SendIDString_L1
Cmd_SetMasterAddr ^	08BB 	Dispatcher_6
Cmd_SetMode ^	0898 	Dispatcher_1
Cmd_SetSlaveAddr ^	08C1 	Dispatcher_6
CompareBlock ^	1E28 	BLP_WriteBuffer
CompareBlock_L1 ^	1E2A 	CB_Next
CopyToRam ^	005C 	InitializeIO, Cmd_RestoreParams
CopyToRam_L1 ^	0061 	CopyToRam_L1
DataInBuffer	IH_Flags,1	BootLoaderStart, BL_Parse, BLPV_EndCmd, BufferIHData, BIHD_PutInBuff_L1
		EraseSourceBuffer
DataReceivedFlag	SerFlags,1	RX_TheByte, ML_1
DataSentFlag	SerFlags,2	TX_TheByte, ML_Ser_Out, InitializeIO
DecTimer ^	007E 	DecTimer4, DecTimer3, DecTimer2
DecTimer1 ^	007D 	ProgStartVector
DecTimer2 ^	007B 	ProgStartVector
DecTimer3 ^	0079 	ProgStartVector
DecTimer4 ^	0077 	ProgStartVector
DelayWuS ^	00A0 	DecTimer
DelayWuS_Loop ^	00A1 	DelayWuS_Loop
DestAddHiRXd	RX_ParseFlags,5	RS232_Parse
DestAddLoRXd	RX_ParseFlags,4	RS232_Parse, RS232_Parse_SALo_end
DestBuffer	2140 	BootLoaderStart, FSR1_DestBuff
Dispatcher_1 ^	0832 	HandleRXData_1
Dispatcher_2 ^	0848 	Dispatcher_1
Dispatcher_3 ^	0858 	Dispatcher_2
Dispatcher_4 ^	0868 	Dispatcher_3
Dispatcher_5 ^	0880 	Dispatcher_4
Dispatcher_6 ^	0888 	Dispatcher_5
DoModeOne ^	0200 	MainLoop
DoModeThree ^	0202 	MainLoop
DoModeTwo ^	0201 	MainLoop
DoModeZero ^	01FF 	MainLoop
EEAddrTemp	0030 	CopyToRam, CopyToRam_L1, SaveParams, SaveParams_L1, DelayWuS_Loop
		EERead, EEWriteW, EEWrite
EEDataTemp	0031 	SaveParams_L1, EEWrite, Cmd_RunBootloader
EERead ^	00A7 	CopyToRam_L1
EEWrite ^	00B1 	SaveParams_L1
EEWriteLoop ^	00C7 	EEWriteLoop
EEWriteW ^	00B0 	Cmd_RunBootloader
EEWrite_L1 ^	00BE 	EEWrite_L1
SMRRC.asm   X-Ref Table                                                  Page: 42
/Users/davidflynn/Projects/SerialMRRC/Firmware/

EraseBlock_L1 ^	1E46 	EraseBlock_L1
EraseProgBlock ^	1E5C 	BLP_WriteBuffer
EraseSourceBuffer ^	1E42 	BootLoaderStart, BLP_WriteBuffer_end
F	0001 	ProgStartVector, SystemBlink_end, LED1Blink_end, ClearRam, ClearRam_L2, CopyToRam_L1
		SaveParams_L1, DecTimer, DelayWuS_Loop, StoreSerIn, GetSerIn, StoreSerOut, GetSerOut
		RS232_Parse, RS232_Parse_Byte, RS232_Parse_SALo, RS232_Parse_SALo_end, RS232_Parse_DALo_End
		RS232_Parse_L1, RS232_ClearTXData_L1, RS232_Send, RS232_Send_L1, RS485ActivateTX
		StoreSer485In, GetSer485In, StoreSer485Out, GetSer485Out, RS485_Parse, RS485_Parse_Byte
		RS485_Parse_SALo, RS485_Parse_SALo_end, RS485_Parse_DALo_End, RS485_Parse_L1, RS485_ClearTXData_L1
		RS485_Send_L1, RS485_Forward, RS485_Forward_L1, Cmd_SendIDString_L1, BLP_TestNum
		BLP_TestNum_1, BLP_TestNum_2, BLP_SaveIH_Length, BLP_NextState, BLP_IHS_AddrMSB
		BLP_IHS_AddrLSB, BLP_IHS_DataType, BLP_IHS_Data, BufferIHData, BIHD_PutInBuff_E2
		BIHD_PutInBuff_L1, TestErased_L1, CB_Next, EraseBlock_L1, ReadProgBlock_L1, ReadProgBlock_1
		WriteProgBlock_L1
FSR0	0004 	HandleRXData_1
FSR0H	0005 	ClearRam, SaveParams, DecTimer, EERead, StoreSerIn, GetSerIn, StoreSerOut
		GetSerOut, RS232_Parse_DALo_End, RS232_Parse_Data_end, StoreSer485In, GetSer485In
		StoreSer485Out, GetSer485Out, RS485_Parse_DALo_End, RS485_Parse_Data_end, BLP_WriteBuffer
		FSR0_SerialBuffer, ReadEEData
FSR0L	0004 	ClearRam, ClearRam_2, ClearRam_L2, SaveParams, SaveParams_L1, DecTimer
		EERead, StoreSerIn, GetSerIn, StoreSerOut, GetSerOut, RS232_Parse_DALo_End, RS232_Parse_Data_end
		StoreSer485In, GetSer485In, StoreSer485Out, GetSer485Out, RS485_Parse_DALo_End
		RS485_Parse_Data_end, BLP_WriteBuffer, FSR0_SerialBuffer, ReadEEData
FSR0_SerialBuffer ^	1DDE 	BL_ParseNextLine, BLPV_HighAddr, BIHD_PutInBuff_E2
FSR1	0006 	HandleRXData_1
FSR1H	0007 	CopyToRam, RS232_Parse_Data_end, RS232_ClearTXData, RS232_Send, RS485_Parse_Data_end
		RS485_ClearTXData, RS485_ClearTXData_L1, RS485_Forward, BIHD_PutInBuff_E2, FSR1_DestBuff
		FSR1_SourceBuffer
FSR1L	0006 	CopyToRam, CopyToRam_L1, RS232_Parse_Data_end, RS232_ClearTXData, RS232_Send
		RS485_Parse_Data_end, RS485_ClearTXData, RS485_ClearTXData_L1, RS485_Forward, BIHD_PutInBuff_E2
		FSR1_DestBuff, FSR1_SourceBuffer
FSR1_DestBuff ^	1DE3 	BLP_WriteBuffer
FSR1_SourceBuffer ^	1DE8 	BLP_WriteBuffer, EraseSourceBuffer
FirstRAMParam	SysMode	CopyToRam, SaveParams
FlushInBuff ^	0107 	RS232_Parse_Error, RS485_Parse_Error
GIE	0007 	EEWrite_L1, EEWriteLoop, InitializeIO
GetChar ^	1DED 	BLP_L2, GetChar, GetChar_Err
GetChar_Err ^	1DF8 	GetChar
GetSer485In ^	02D4 	RS485_Parse_Byte
GetSer485InBytes ^	02EB 	ML_Ser_End
GetSer485In_End ^	02E3 	GetSer485In
GetSer485Out ^	0309 	TX_The485Byte
GetSer485Out_End ^	0318 	GetSer485Out
GetSerIn ^	00F6 	RS232_Parse_Byte
GetSerInBytes ^	010D 	ModeReturn
GetSerIn_End ^	0105 	GetSerIn
GetSerOut ^	012B 	ML_Ser_Out
GetSerOut_End ^	013A 	GetSerOut
HandleRXData ^	0804 	ModeReturn
HandleRXData_1 ^	0811 	HandleRXData
HandleRXData_Rtn ^	080F 	HandleRXData, Cmd_SetMode
IDString ^	08D0 	Cmd_SendIDString_L1
IHS_Length	0001 	BLP_L2
IH_Ack	002A 	BootLoaderStart, BLPV_EndCmd, BLPV_Exit_Ack
IH_Addr_Hi	0025 	BootLoaderStart, BLPV_HighAddr, BufferIHData
IH_Addr_Lo	0023 	BootLoaderStart, BLP_IHS_AddrMSB, BLP_IHS_AddrLSB, BufferIHData
		BIHD_PutInBuff
IH_ByteCount	0028 	BootLoaderStart, BL_ParseNextLine, BLP_IHS_Data, BIHD_PutInBuff_E2
IH_Bytes	0027 	BootLoaderStart, BLP_SaveIH_Length, BLP_IHS_DataType, BLP_IHS_Data
IH_ErrorBadCSum	002D 	BLP_IHS_CSum
IH_ErrorBadLen	002B 	BLP_IHS_Length
IH_ErrorBadType	003D 	BLPV_BadType
IH_Flags	002C 	BootLoaderStart, BL_Parse, BLP_L1, BLP_TestNum_1, BLPV_EndCmd, BufferIHData
		BIHD_PutInBuff_L1, EraseSourceBuffer
IH_State	002A 	BootLoaderStart, BL_ParseNextLine, BLP_L2, BLP_TestNum, BLP_TestNum_2
		BLP_NextState, BLP_IHS_DataType
IH_TempVal	002B 	BootLoaderStart, BLP_TestNum_1, BLP_TestNum_2, BLP_IHS_Length, BLP_SaveIH_Length
		BLP_IHS_AddrMSB, BLP_IHS_AddrLSB, BLP_IHS_DataType, BLP_IHS_Data, BLP_IHS_CSum
IH_Type	0029 	BootLoaderStart, BLP_IHS_DataType, BLP_Validate
INDF0	0000 	ClearRam_L2, DecTimer, EERead, StoreSerIn, GetSerIn, StoreSerOut, GetSerOut
		RS232_Parse_DALo_End, StoreSer485In, GetSer485In, StoreSer485Out, GetSer485Out
		RS485_Parse_DALo_End, ReadEEData
INDF1	0001 	Cmd_SetMode
INLVLA	1F3C 	InitializeIO
INLVLC	1F52 	InitializeIO
INTCON	000B 	EEWrite_L1, EEWriteLoop, InitializeIO
IRQ_RS_485_End ^	0031 	IRQ_Ser_End
IRQ_Ser_End ^	002D 	LED2Blink_end
InitializeBLIO ^	1E89 	BootLoaderStart
InitializeIO ^	0203 	start
LATA	0018 	InitializeIO, InitializeBLIO
LATB	0019 	InitializeIO, RS485DeactivateTX, RS485ActivateTX, InitializeBLIO
LATC	001A 	InitializeIO, InitializeBLIO
LED1Blink_end ^	0020 	SystemBlink_end
LED1_Active	SysFlags1,4	SystemBlink_end, RS485ActivateTX
LED1_Bit	0004 	ProgStartVector, SystemBlink_end
LED1_Count	0028 	SystemBlink_end
LED1_TRIS	TRISA,LED1_Bit	ProgStartVector, SystemBlink_end
LED2Blink_end ^	0029 	LED1Blink_end
LED2_Active	SysFlags1,7	LED1Blink_end, RS485DeactivateTX, RS485DeactivateTX_End, RS485ActivateTX
LED2_Bit	0005 	ProgStartVector, LED1Blink_end
LED2_Count	0029 	LED1Blink_end
LED2_TRIS	TRISA,LED2_Bit	ProgStartVector, LED1Blink_end
LEDTIME	0064 	InitializeIO
LastRAMParam	SysFlags	CopyToRam_L1, SaveParams_L1
LoadProgAddr ^	1E64 	ReadProgBlock, EraseProgBlock, WriteProgBlock
ML_1 ^	01E5 	ModeReturn
ML_Ser485_End ^	01FE 	ML_Ser_End
ML_Ser_End ^	01F5 	ML_Ser_Out
SMRRC.asm   X-Ref Table                                                  Page: 43
/Users/davidflynn/Projects/SerialMRRC/Firmware/

ML_Ser_Out ^	01EE 	ML_1
MSN_Done	IH_Flags,0	BootLoaderStart, BLP_L1, BLP_TestNum_1
MainLoop ^	01D2 	ML_Ser485_End
ModeReturn ^	01DB 	DoModeZero, DoModeOne, DoModeTwo, DoModeThree
NVMADRH	081B 	EEWrite, WriteEEData, LoadProgAddr
NVMADRL	081A 	EEWrite, WriteEEData, ReadProgBlock_1, LoadProgAddr, WriteProgBlock_L1
NVMCON1	081E 	EEWrite, EEWrite_L1, EEWriteLoop, WriteEEData, WriteEEData_L1, ReadProgBlock
		ReadProgBlock_L1, EraseProgBlock, WriteProgBlock, WriteProgBlock_Wr, NVM_WriteSequence
NVMCON1_FREE	0004 	EraseProgBlock
NVMCON1_LWLO	0005 	WriteProgBlock, WriteProgBlock_Wr
NVMCON1_NVMREGS	0006 	EEWrite, WriteEEData, ReadProgBlock, EraseProgBlock, WriteProgBlock
NVMCON1_RD	0000 	ReadProgBlock_L1
NVMCON1_WR	0001 	EEWrite_L1, EEWriteLoop, WriteEEData_L1, NVM_WriteSequence
NVMCON1_WREN	0002 	EEWrite_L1, EEWriteLoop, WriteEEData, WriteEEData_L1, EraseProgBlock
		WriteProgBlock, WriteProgBlock_Wr
NVMCON2	081F 	EEWrite_L1, NVM_WriteSequence
NVMDATH	081D 	EEWrite, ReadProgBlock_L1, WriteProgBlock_L1
NVMDATL	081C 	EEWrite, WriteEEData, ReadProgBlock_L1, WriteProgBlock_L1
NVM_WriteSequence ^	1E83 	WriteEEData, EraseProgBlock, WriteProgBlock_L1, WriteProgBlock_Wr
PCLATH	000A 	ProgStartVector
PEIE	0006 	InitializeIO
PIE0	0716 	InitializeIO
PIE3	0719 	InitializeIO
PIR0	070C 	ProgStartVector
PIR3	070F 	LED2Blink_end, IRQ_Ser_End, ML_1, RS485DeactivateTX, TX_The485Byte_1, GetChar
		SendChar, SendChar_L1
POP_Ser485Out_End ^	0307 	StoreSer485Out
POP_SerOut_End ^	0129 	StoreSerOut
PORTA	000C 	SystemBlink_end, LED1Blink_end
PROG_ADDR_HI	0021 	BootLoaderStart, BufferIHData, BIHD_PutInBuff, LoadProgAddr
PROG_ADDR_LO	0020 	BootLoaderStart, BufferIHData, BIHD_PutInBuff, LoadProgAddr
Param77	0077 	DelayWuS, DelayWuS_Loop, CompareBlock_L1, CB_NotBlank
Param78	0078 	StoreSerIn, GetSerIn, StoreSerOut, GetSerOut, RS232_Parse_Byte, RS232_Parse_Sync2
		RS232_Parse_SALo, RS232_Parse_SALo_end, RS232_Parse_DALo_End, RS232_Parse_Data_end
		RS232_Parse_L1, RS232_ClearTXData, RS232_ClearTXData_L1, ML_Ser_Out, TX_The485Byte
		StoreSer485In, GetSer485In, StoreSer485Out, GetSer485Out, RS485_Parse_Byte, RS485_Parse_Sync2
		RS485_Parse_SALo, RS485_Parse_SALo_end, RS485_Parse_DALo_End, RS485_Parse_Data_end
		RS485_Parse_L1, RS485_ClearTXData, RS485_ClearTXData_L1, HandleRXData_1, Dispatcher_1
		Dispatcher_2, Dispatcher_3, Dispatcher_4, Dispatcher_5, BLP_L2, BLP_TestNum, BLP_TestNum_1
		BLP_TestNum_2, BLP_IHS_CSum, BufferIHData, CompareBlock_L1, CB_NotBlank
Param79	0079 	RS232_Send, RS232_Send_L1, RS485_ClearTXData_L1, RS485_Send_L1, RS485_Forward
		RS485_Forward_L1, Cmd_SendIDString, Cmd_SendIDString_L1, BIHD_PutInBuff_E2, BIHD_PutInBuff_L1
		TestErased, TestErased_L1, CompareBlock, CB_Next, EraseSourceBuffer, EraseBlock_L1
		ReadProgBlock, ReadProgBlock_L1, WriteProgBlock
Param7A	007A 	RS232_Send, RS232_Send_L1, RS485_ClearTXData_L1, RS485_Send_L1, RS485_Forward
		RS485_Forward_L1
Param7F	007F 	ClearRam, ClearRam_2, ClearRam_L2
PortA_ANSel_Value	0000 	InitializeIO
PortA_Init_Value	0000 	InitializeIO, InitializeBLIO
PortA_Tris_Bits	00FF 	InitializeIO, InitializeBLIO
PortB_ANSel_Value	0000 	InitializeIO
PortB_Init_Value	0000 	InitializeIO, InitializeBLIO
PortB_Tris_Bits	00AF 	InitializeIO, InitializeBLIO
PortC_ANSel_Value	0000 	InitializeIO
PortC_Init_Value	0000 	InitializeIO, InitializeBLIO
PortC_Tris_Bits	00FF 	InitializeIO, InitializeBLIO
ProgStartVector ^	0002 	BootLoader_End
ProgWordCount	0022 	BootLoaderStart, BIHD_PutInBuff, BIHD_PutInBuff_E2, BIHD_PutInBuff_L1
RB7PPS	1F1F 	InitializeIO
RC0PPS	1F20 	InitializeIO
RC1IE	0005 	InitializeIO
RC1IF	0005 	IRQ_Ser_End
RC1REG	0119 	RX_The485Byte, RX_The485Byte_Err
RC1STA	011D 	InitializeIO, RX_The485Byte, RX_The485Byte_Err
RC1STA_CREN	0004 	InitializeIO, RX_The485Byte_Err
RC1STA_FERR	0002 	RX_The485Byte_Err
RC1STA_OERR	0001 	RX_The485Byte_Err
RC1STA_SPEN	0007 	InitializeIO
RC2IE	0007 	InitializeIO
RC2IF	0007 	LED2Blink_end, GetChar
RC2REG	0A19 	RX_TheByte, RX_TheByte_Err, GetChar, GetChar_Err
RC2STA	0A1D 	RX_TheByte, RX_TheByte_Err, InitializeIO, GetChar, GetChar_Err, InitializeBLIO
RC2STA_CREN	0004 	RX_TheByte_Err, InitializeIO, GetChar_Err, InitializeBLIO
RC2STA_FERR	0002 	RX_TheByte_Err, GetChar_Err
RC2STA_OERR	0001 	RX_TheByte_Err, GetChar_Err
RC2STA_SPEN	0007 	InitializeIO, InitializeBLIO
RP485_DataBytes	0004 	RS485_Parse, RS485_ClearTXData, RS485_ClearTXData_L1, RS485_Forward
RP485_LongAddr	0000 	RS485_Parse_SALo_end, RS485_ClearTXData, RS485_ClearTXData_L1
		RS485_Forward
RP_DataBytes	0004 	RS232_Parse, RS232_Parse_DALo_End, RS232_Parse_Data_end, RS232_ClearTXData
		RS232_Send, RS485_Parse_DALo_End, RS485_Parse_Data_end
RP_LongAddr	0000 	RS232_Parse, RS232_Parse_SALo_end, RS232_Parse_DALo_End, RS232_Send
		RS485_Forward
RS232_ClearTXData ^	01AD 	RS232_Send_L1
RS232_ClearTXData_L1 ^	01B5 	RS232_ClearTXData_L1
RS232_MasterAddr	0041 	RS232_Parse_SALo, RS232_Send, Cmd_SetMasterAddr
RS232_Parse ^	013C 	ModeReturn
RS232_Parse_Byte ^	0147 	RS232_Parse
RS232_Parse_DALo_End ^	017E 	RS232_Parse_SALo_end
RS232_Parse_Data_end ^	018F 	RS232_Parse_DALo_End
RS232_Parse_Error ^	01AB 	RS232_Parse_Sync2, RS232_Parse_Data_end
RS232_Parse_L1 ^	019E 	RS232_Parse_L1
RS232_Parse_Rtn ^	016E 	RS232_Parse_Byte, RS232_Parse_Sync2, RS232_Parse_SALo_end
		RS232_Parse_DALo_End
RS232_Parse_SALo ^	015E 	RS232_Parse_Sync2
RS232_Parse_SALo_end ^	0170 	RS232_Parse_SALo
RS232_Parse_Sync2 ^	0156 	RS232_Parse_Byte
RS232_Send ^	01BA 	RS232_Send_S0
RS232_Send_L1 ^	01C9 	RS232_Send_L1
SMRRC.asm   X-Ref Table                                                  Page: 44
/Users/davidflynn/Projects/SerialMRRC/Firmware/

RS232_Send_S0 ^	0800 	Cmd_GetMode, Cmd_GetStatus, Cmd_SetMasterAddr, Cmd_SetSlaveAddr
RS232_SlaveAddr	0042 	RS232_Parse_SALo_end, RS232_Send, Cmd_SetSlaveAddr
RS485ActivateTX ^	0284 	TX_The485Byte_1
RS485ActivateTX_End ^	0296 	RS485ActivateTX
RS485AllDataRXd	RX485_ParseFlags,6	RS485_Parse, RS485_Parse_DALo_End
RS485BaudRate	00CF 	InitializeIO
RS485DE	LATB,6	InitializeIO, RS485DeactivateTX, RS485ActivateTX
RS485DataReceivedFlag	Ser485Flags,1	ML_Ser_End, RS485ActivateTX, RX_The485Byte
RS485DataSentFlag	Ser485Flags,2	InitializeIO, RS485DeactivateTX, TX_The485Byte, TX_The485Byte_1
RS485DeactivateTX ^	026F 	TX_The485Byte_NoData
RS485DeactivateTX_End ^	0281 	RS485DeactivateTX
RS485DestAddLoRXd	Ser485Flags,4	RS485_Parse_SALo_end
RS485DestAddrHiRXd	RX485_ParseFlags,5	RS485_Parse
RS485DestAddrLoRXd	RX485_ParseFlags,4	RS485_Parse
RS485RX_Timeout	Ser485Flags,3	RS485_Parse
RS485SourceAddLoRXd	Ser485Flags,5	RS485_Parse_SALo
RS485SourceAddrHiRXd	RX485_ParseFlags,3	RS485_Parse
RS485SourceAddrLoRXd	RX485_ParseFlags,2	RS485_Parse
RS485SyncByte1RXd	RX485_ParseFlags,0	RS485_Parse, RS485_Parse_Byte
RS485SyncByte2RXd	RX485_ParseFlags,1	RS485_Parse, RS485_Parse_Sync2
RS485TXActive	Ser485Flags,0	InitializeIO, RS485DeactivateTX, RS485ActivateTX, TX_The485Byte_1
		TX_The485Byte_NoData
RS485_Address	0043 	RS485_Parse_SALo_end
RS485_ClearTXData ^	0383 	RS485_Send_L1
RS485_ClearTXData_L1 ^	038D 	RS485_ClearTXData_L1
RS485_Forward ^	03AF 	HandleRXData
RS485_Forward_L1 ^	03C2 	RS485_Forward_L1
RS485_Parse ^	031A 	ML_Ser_End
RS485_Parse_Byte ^	0325 	RS485_Parse
RS485_Parse_DALo_End ^	0356 	RS485_Parse_SALo_end
RS485_Parse_Data_end ^	0367 	RS485_Parse_DALo_End
RS485_Parse_Error ^	0381 	RS485_Parse_Sync2, RS485_Parse_Data_end
RS485_Parse_L1 ^	0376 	RS485_Parse_L1
RS485_Parse_Rtn ^	0346 	RS485_Parse_Byte, RS485_Parse_Sync2, RS485_Parse_SALo_end
		RS485_Parse_DALo_End
RS485_Parse_SALo ^	033C 	RS485_Parse_Sync2
RS485_Parse_SALo_end ^	0348 	RS485_Parse_SALo
RS485_Parse_Sync2 ^	0334 	RS485_Parse_Byte
RS485_Send_L1 ^	03A6 	RS485_Send_L1
RS485nRE	LATB,4	InitializeIO, RS485DeactivateTX, RS485ActivateTX
RX1DTPPS	1ECB 	InitializeIO
RX2DTPPS	1ECD 	InitializeIO
RX485Byte	003E 	ML_Ser_End, RX_The485Byte, RX_The485Byte_Err
RX485DataIsNew	RX485_Flags,1	RS485_Parse, RS485_Parse_L1
RX485DataValidFlag	RX485_Flags,0	RS485_Parse, RS485_Parse_L1
RX485DstIsMe	RX485_Flags,2	RS485_Parse, RS485_Parse_SALo_end, RS485_Parse_L1
RX485Timeout	0005 	RS485_Parse_Byte
RX485_CSUM	0223 	RS485_Parse_SALo, RS485_Parse_SALo_end, RS485_Parse_DALo_End, RS485_Parse_Data_end
RX485_Data	022A 	RS485_Parse_Data_end
RX485_DataCount	0222 	RS485_Parse_SALo, RS485_Parse_DALo_End
RX485_DstAdd	0225 	RS485_Parse_SALo_end
RX485_Flags	0221 	RS485_Parse, RS485_Parse_SALo_end, RS485_Parse_L1
RX485_ParseFlags	0220 	RS485ActivateTX, RS485_Parse, RS485_Parse_Byte, RS485_Parse_Sync2
		RS485_Parse_DALo_End, RS485_Parse_L1, RS485_Parse_Error
RX485_SrcAdd	0224 	RS485_Parse_SALo
RX485_TempData	0226 	RS485_Parse_DALo_End, RS485_Parse_Data_end
RXByte	003B 	RX_TheByte, RX_TheByte_Err, ML_1
RXDataIsNew	RX_Flags,1	RS232_Parse, RS232_Parse_L1, ModeReturn, HandleRXData
RXDataValidFlag	RX_Flags,0	RS232_Parse, RS232_Parse_L1, HandleRXData
RXDstIsMe	RX_Flags,3	RS232_Parse, RS232_Parse_SALo_end, RS232_Parse_L1, HandleRXData
RXSrcIsMaster	RX_Flags,2	RS232_Parse, RS232_Parse_SALo, RS232_Parse_L1, HandleRXData
RXTimeout	0005 	RS232_Parse_Byte
RX_CSUM	00A3 	RS232_Parse_SALo, RS232_Parse_SALo_end, RS232_Parse_DALo_End, RS232_Parse_Data_end
RX_Data	00AA 	RS232_Parse_Data_end, HandleRXData_1
RX_DataCount	00A2 	RS232_Parse_SALo, RS232_Parse_DALo_End
RX_DstAdd	00A5 	RS232_Parse_SALo_end, RS485_Forward
RX_Flags	00A1 	RS232_Parse, RS232_Parse_SALo, RS232_Parse_SALo_end, RS232_Parse_L1
		ModeReturn, HandleRXData
RX_ParseFlags	00A0 	RS232_Parse, RS232_Parse_Byte, RS232_Parse_Sync2, RS232_Parse_SALo
		RS232_Parse_SALo_end, RS232_Parse_DALo_End, RS232_Parse_L1, RS232_Parse_Error
RX_SrcAdd	00A4 	RS232_Parse_SALo, RS485_Forward
RX_TempData	00A6 	RS232_Parse_DALo_End, RS232_Parse_Data_end, RS485_Forward
RX_The485Byte ^	02B3 	IRQ_Ser_End
RX_The485Byte_Err ^	02BE 	RX_The485Byte
RX_TheByte ^	00D6 	LED2Blink_end
RX_TheByte_Err ^	00E0 	RX_TheByte
ReadEEData ^	1E05 	BootLoaderStart
ReadProgBlock ^	1E4D 	BLP_WriteBuffer
ReadProgBlock_1 ^	1E5A 	ReadProgBlock_L1
ReadProgBlock_L1 ^	1E51 	ReadProgBlock_1
SAFAddress	1F80 	EERead, EEWrite, ReadEEData, WriteEEData
SLRCONA	1F3B 	InitializeIO
SLRCONC	1F51 	InitializeIO
SP1BRGH	011C 	InitializeIO
SP1BRGL	011B 	InitializeIO
SP2BRGH	0A1C 	InitializeIO, InitializeBLIO
SP2BRGL	0A1B 	InitializeIO, InitializeBLIO
STATUS	0003 	CopyToRam_L1, SaveParams_L1, DecTimer, RX_TheByte, GetSerIn, StoreSerOut
		GetSerOut, RS232_Parse, RS232_Parse_Byte, RS232_Parse_Sync2, RS232_Parse_SALo, RS232_Parse_SALo_end
		RS232_Parse_DALo_End, RS232_Parse_Data_end, ModeReturn, ML_Ser_End, RS485ActivateTX
		RX_The485Byte, GetSer485In, StoreSer485Out, GetSer485Out, RS485_Parse, RS485_Parse_Byte
		RS485_Parse_Sync2, RS485_Parse_SALo_end, RS485_Parse_DALo_End, RS485_Parse_Data_end
		HandleRXData_1, Dispatcher_1, Dispatcher_2, Dispatcher_3, Dispatcher_4, Dispatcher_5
		Cmd_SetMode, Cmd_SendIDString_L1, BootLoaderStart, BLP_L2, BLP_TestNum, BLP_IHS_Length
		BLP_IHS_DataType, BLP_IHS_Data, BLP_IHS_CSum, BLP_Validate, BufferIHData, BIHD_PutInBuff_L1
		GetChar, TestErased_L1, CompareBlock_L1, CB_NotBlank, WriteProgBlock_L1
SW1_Active	SysFlags1,2	SystemBlink_end
SW1_PORT	PORTA,LED1_Bit	SystemBlink_end
SW2_Active	SysFlags1,5	LED1Blink_end
SMRRC.asm   X-Ref Table                                                  Page: 45
/Users/davidflynn/Projects/SerialMRRC/Firmware/

SW2_PORT	PORTA,LED2_Bit	LED1Blink_end
SaveParams ^	0069 	Cmd_SaveParams, Cmd_SetMasterAddr, Cmd_SetSlaveAddr
SaveParams_L1 ^	006E 	SaveParams_L1
SendChar ^	1DFE 	BootLoaderStart, BLP_IHS_Length, BLP_IHS_CSum, BLPV_EndCmd, BLPV_Exit
SendChar_L1 ^	1DFF 	SendChar_L1
Ser485Flags	003F 	ML_Ser_End, InitializeIO, RS485DeactivateTX, RS485ActivateTX, TX_The485Byte
		TX_The485Byte_1, TX_The485Byte_NoData, RX_The485Byte, RS485_Parse, RS485_Parse_SALo
		RS485_Parse_SALo_end
Ser485_Buff_Bank	4	StoreSer485In, GetSer485In, GetSer485In_End, GetSer485InBytes
		StoreSer485Out, GetSer485Out, RS485_Parse, RS485_Parse_Byte, RS485_Parse_SALo, RS485_Parse_SALo_end
		RS485_ClearTXData, RS485_ClearTXData_L1
Ser485_In_Buff	023A 	StoreSer485In, GetSer485In, StoreSer485Out, GetSer485Out
Ser485_In_Bytes	0234 	StoreSer485In, GetSer485In, GetSer485In_End, GetSer485InBytes
Ser485_In_InPtr	0236 	StoreSer485In, GetSer485In_End
Ser485_In_OutPtr	0237 	GetSer485In, GetSer485In_End
Ser485_Out_Buff	025A 	StoreSer485Out, GetSer485Out
Ser485_Out_Bytes	0235 	GetSer485InBytes, StoreSer485Out, GetSer485Out
Ser485_Out_InPtr	0238 	StoreSer485Out
Ser485_Out_OutPtr	0239 	GetSer485Out
SerFlags	003C 	TX_TheByte, RX_TheByte, RS232_Parse, ML_1, ML_Ser_Out, InitializeIO
		Cmd_GetStatus
Ser_Buff_Bank	2	StoreSerIn, GetSerIn, FlushInBuff, GetSerInBytes, StoreSerOut, GetSerOut
Ser_In_Buff	0126 	StoreSerIn, GetSerIn, StoreSerOut, GetSerOut
Ser_In_Bytes	0120 	StoreSerIn, GetSerIn, FlushInBuff, GetSerInBytes
Ser_In_InPtr	0122 	StoreSerIn, FlushInBuff
Ser_In_OutPtr	0123 	GetSerIn, FlushInBuff
Ser_Out_Buff	0146 	StoreSerOut, GetSerOut
Ser_Out_Bytes	0121 	GetSerInBytes, StoreSerOut, GetSerOut
Ser_Out_InPtr	0124 	StoreSerOut
Ser_Out_OutPtr	0125 	GetSerOut
SerialBuffer	2180 	BootLoaderStart, FSR0_SerialBuffer
SourceAddHiRXd	RX_ParseFlags,3	RS232_Parse
SourceAddLoRXd	RX_ParseFlags,2	RS232_Parse, RS232_Parse_SALo
SourceBuffer	2100 	BootLoaderStart, BIHD_PutInBuff_E2, BLP_WriteBuffer, FSR1_SourceBuffer
StoreSer485In ^	02C6 	ML_Ser_End
StoreSer485Out ^	02F3 	RS485_ClearTXData_L1, RS485_Send_L1, RS485_Forward, RS485_Forward_L1
StoreSerIn ^	00E8 	ML_1
StoreSerOut ^	0115 	RS232_Send, RS232_Send_L1, StoreSerOut_S0
StoreSerOut_S0 ^	08E4 	Cmd_SendIDString_L1
SyncByte1RXd	RX_ParseFlags,0	RS232_Parse, RS232_Parse_Byte
SyncByte2RXd	RX_ParseFlags,1	RS232_Parse, RS232_Parse_Sync2
SysFlags	0044 	CopyToRam_L1, SaveParams_L1
SysFlags1	002E 	SystemBlink_end, LED1Blink_end, RS485DeactivateTX, RS485DeactivateTX_End
		RS485ActivateTX
SysLEDCount	0023 	ProgStartVector, InitializeIO
SysLEDTris	TRISA,SysLED_Bit	ProgStartVector, InitializeIO
SysLED_Bit	0002 	ProgStartVector, InitializeIO
SysLED_BlinkCount	0022 	InitializeIO
SysLED_Blinks	0021 	InitializeIO
SysLED_Time	0020 	ProgStartVector, InitializeIO
SysMode	0040 	CopyToRam, SaveParams, MainLoop, Cmd_SetMode, Cmd_GetMode
SystemBlink_end ^	0017 	ProgStartVector
SystemTick_end ^	0029 	ProgStartVector
T0CON0	059E 	InitializeIO
T0CON0_Value	0089 	InitializeIO
T0CON1	059F 	InitializeIO
T0CON1_Value	0056 	InitializeIO
T0EN	0007 	InitializeIO
TMR0H	059D 	InitializeIO
TMR0H_Value	007D 	InitializeIO
TMR0IE	0005 	InitializeIO
TMR0IF	0005 	ProgStartVector
TRISA	0012 	ProgStartVector, SystemBlink_end, LED1Blink_end, InitializeIO, InitializeBLIO
TRISB	0013 	InitializeIO, InitializeBLIO
TRISC	0014 	InitializeIO, InitializeBLIO
TX1CKPPS	1ECC 	InitializeIO
TX1IF	0004 	RS485DeactivateTX, TX_The485Byte_1
TX1REG	011A 	TX_The485Byte_1
TX1STA	011E 	InitializeIO, RS485DeactivateTX, RS485ActivateTX
TX1STA_BRGH	0002 	InitializeIO
TX1STA_SYNC	0004 	InitializeIO
TX1STA_TRMT	0001 	RS485DeactivateTX
TX1STA_TXEN	0005 	InitializeIO, RS485DeactivateTX, RS485ActivateTX
TX2CKPPS	1ECE 	InitializeIO
TX2IF	0006 	ML_1, SendChar_L1
TX2REG	0A1A 	TX_TheByte, SendChar_L1
TX2STA	0A1E 	InitializeIO, InitializeBLIO
TX2STA_BRGH	0002 	InitializeIO, InitializeBLIO
TX2STA_SYNC	0004 	InitializeIO, InitializeBLIO
TX2STA_TXEN	0005 	InitializeIO, InitializeBLIO
TX485Byte	003D 	TX_The485Byte, TX_The485Byte_1
TX485_Data	0230 	RS485_ClearTXData, RS485_ClearTXData_L1
TX485_DstAdd	022F 	RS485_ClearTXData, RS485_ClearTXData_L1
TX485_SrcAdd	022E 	RS485_ClearTXData, RS485_ClearTXData_L1
TXByte	003A 	TX_TheByte, ML_Ser_Out
TX_ACK ^	08E3 	Cmd_SetMode, Cmd_SaveParams, Cmd_RestoreParams
TX_Data	00AE 	RS232_ClearTXData, RS232_Send, HandleRXData_1
TX_The485Byte ^	0298 	ML_Ser_End
TX_The485Byte_1 ^	02A0 	TX_The485Byte
TX_The485Byte_End ^	02AD 	TX_The485Byte_1
TX_The485Byte_NoData ^	02AF 	TX_The485Byte
TX_TheByte ^	00CD 	ML_1
TestErased ^	1E1B 	BLP_WriteBuffer
TestErased_L1 ^	1E1D 	TestErased_L1
Timer1Hi	0033 	DecTimer1, DecTimer
Timer1Lo	0032 	DecTimer, RS232_Parse, RS232_Parse_Byte
Timer2Hi	0035 	DecTimer2, DecTimer
Timer2Lo	0034 	DecTimer, RS485_Parse, RS485_Parse_Byte
Timer3Hi	0037 	DecTimer3, DecTimer
SMRRC.asm   X-Ref Table                                                  Page: 46
/Users/davidflynn/Projects/SerialMRRC/Firmware/

Timer3Lo	0036 	DecTimer
Timer4Hi	0039 	DecTimer4, DecTimer
Timer4Lo	0038 	DecTimer, InitializeIO
UseEEParams	0001 	ClearRam, CopyToRam, DelayWuS_Loop, InitializeIO
UseRS232Chksum	0001 	RS232_Parse, RS232_Parse_DALo_End, RS232_Parse_Data_end, RS232_Send_L1
UseRS232SendSyncBytes	0000 	RS232_Parse, RS232_Send
UseRS232SyncBytes	0001 	RS232_Parse, RS232_Parse_Byte
UseRS485Chksum	0001 	RS485_Parse, RS485_Parse_DALo_End, RS485_Parse_Data_end, RS485_Send_L1
		RS485_Forward_L1
UseRS485SyncBytes	0001 	RS485_Parse_Byte, RS485_ClearTXData_L1, RS485_Forward
W	0000 	ProgStartVector, CopyToRam_L1, SaveParams_L1, DecTimer, EERead, EEWrite, TX_TheByte
		RX_TheByte, RX_TheByte_Err, StoreSerIn, GetSerIn, GetSerInBytes, StoreSerOut, GetSerOut
		RS232_Parse_Byte, RS232_Parse_Sync2, RS232_Parse_SALo, RS232_Parse_SALo_end, RS232_Parse_DALo_End
		RS232_Parse_Data_end, RS232_Send, RS232_Send_L1, MainLoop, ML_1, ML_Ser_End, TX_The485Byte_1
		RX_The485Byte, RX_The485Byte_Err, StoreSer485In, GetSer485In, GetSer485InBytes
		StoreSer485Out, GetSer485Out, RS485_Parse_Byte, RS485_Parse_Sync2, RS485_Parse_SALo
		RS485_Parse_SALo_end, RS485_Parse_DALo_End, RS485_Parse_Data_end, RS485_ClearTXData_L1
		RS485_Send_L1, RS485_Forward, RS485_Forward_L1, HandleRXData_1, Dispatcher_1, Dispatcher_2
		Dispatcher_3, Dispatcher_4, Dispatcher_5, Cmd_SetMode, Cmd_GetMode, Cmd_GetStatus
		Cmd_SendIDString_L1, BLP_L2, BLP_TestNum, BLP_TestNum_1, BLP_TestNum_2, BLP_IHS_Length
		BLP_SaveIH_Length, BLP_IHS_AddrMSB, BLP_IHS_AddrLSB, BLP_IHS_DataType, BLP_IHS_Data
		BLP_IHS_CSum, BLP_Validate, BufferIHData, BIHD_PutInBuff, BIHD_PutInBuff_E2, BIHD_PutInBuff_L1
		GetChar, GetChar_Err, ReadEEData, CompareBlock_L1, CB_NotBlank, ReadProgBlock_L1
		LoadProgAddr, WriteProgBlock_L1
WDTCON0	080C 	InitializeIO
WREG	0009 	EERead, BLP_WriteBuffer, ReadEEData
WriteEEData ^	1E0D 	BootLoaderStart
WriteEEData_L1 ^	1E16 	WriteEEData_L1
WriteProgBlock ^	1E6C 	BLP_WriteBuffer
WriteProgBlock_L1 ^	1E72 	WriteProgBlock_L1
WriteProgBlock_Wr ^	1E7E 	WriteProgBlock_L1
Z	0002 	CopyToRam_L1, SaveParams_L1, DecTimer, RX_TheByte, GetSerIn, StoreSerOut
		GetSerOut, RS232_Parse, RS232_Parse_Byte, RS232_Parse_Sync2, RS232_Parse_SALo, RS232_Parse_SALo_end
		RS232_Parse_DALo_End, RS232_Parse_Data_end, ModeReturn, ML_Ser_End, RS485ActivateTX
		RX_The485Byte, GetSer485In, StoreSer485Out, GetSer485Out, RS485_Parse, RS485_Parse_Byte
		RS485_Parse_Sync2, RS485_Parse_SALo_end, RS485_Parse_DALo_End, RS485_Parse_Data_end
		HandleRXData_1, Dispatcher_1, Dispatcher_2, Dispatcher_3, Dispatcher_4, Dispatcher_5
		Cmd_SendIDString_L1, BootLoaderStart, BLP_L2, BLP_TestNum, BLP_IHS_DataType, BLP_IHS_Data
		BLP_IHS_CSum, BLP_Validate, BufferIHData, BIHD_PutInBuff_L1, GetChar, TestErased_L1
		CompareBlock_L1, CB_NotBlank, WriteProgBlock_L1
_Z	STATUS,Z	WriteProgBlock_L1
kMaxMode	0003 	Cmd_SetMode
kRS232SyncByteValue	00DD 	RS232_Parse_Byte, RS232_Parse_Sync2
kRS232_MasterAddr	0001 	InitializeBLIO
kRS232_SlaveAddr	0002 	InitializeBLIO
kRS485SyncByteValue	00DD 	RS485_Parse_Byte, RS485_Parse_Sync2, RS485_ClearTXData_L1
		RS485_Forward
kRS485_Address	0002 	InitializeBLIO
kSysFlags	0000 	InitializeBLIO
kSysMode	0000 	InitializeBLIO
nvFirstParamByte	nvSysMode	InitializeBLIO, CopyToRam, SaveParams
nvLastParamByte	nvSysFlags	InitializeBLIO
nvRS232_MasterAddr	0001 	InitializeBLIO
nvRS232_SlaveAddr	0002 	InitializeBLIO
nvRS485_Address	0003 	InitializeBLIO
nvRS485_MasterAddr	0004 	InitializeBLIO
nvSysFlags	0005 	InitializeBLIO
nvSysMode	0000 	InitializeBLIO, CopyToRam, SaveParams
oldCode	0000 	DecTimer
ssRX_Timeout	SerFlags,3	RS232_Parse, Cmd_GetStatus
ssStatus	002A 	Cmd_GetStatus
start ^	01D1 	ProgStartVector
useBootloader	0001 	StoreSerOut_S0
useRS232	0001 	LED2Blink_end, TX_TheByte, ModeReturn, InitializeIO, RS485_Forward_L1
useRS485	0001 	IRQ_Ser_End, ML_Ser_End, InitializeIO, RS485DeactivateTX
 

X-Ref Table (The UnCalled)
BootLoader !	1D00 	
Delay100uS !	009D 	
Delay10uS !	009B 	
Delay40uS !	009F 	
EEReadW !	00A6 	
EraseBlock !	1E44 	
Flush485InBuff !	02E5 	
GetSer485OutBytes !	02EF 	
GetSerOutBytes !	0111 	
IRQ_RS_485 !	002D 	
IRQ_Ser !	0029 	
POP_Ser485Out !	0301 	
POP_SerOut !	0123 	
RS232_Parse_DALo !	0170 	
RS232_Parse_Data !	017E 	
RS485DeactivateTX_1 !	027A 	
RS485_Parse_DALo !	0348 	
RS485_Parse_Data !	0356 	
RS485_Send !	0392 	
RX_The485Byte_1 !	02B8 	
SystemBlink_Std !	0014 	
TestT1_Zero !	0097 	
TestT2_Zero !	0093 	
TestT3_Zero !	008F 	
TestT4_Zero !	008B 	
 

Memory Usage Map ('X' = Used, '-' = Unused)
 
0000  : XXXXXXXXXXXXXXXX XXXXXXXXXXXXXXXX XXXXXXXXXXXXXXXX XXXXXXXXXXXXXXXX
0040  : XXXXXXXXXXXXXXXX XXXXXXXXXXXXXXXX XXXXXXXXXXXXXXXX XXXXXXXXXXXXXXXX
SMRRC.asm   Memory Usage Map                                             Page: 47
/Users/davidflynn/Projects/SerialMRRC/Firmware/

0080  : XXXXXXXXXXXXXXXX XXXXXXXXXXXXXXXX XXXXXXXXXXXXXXXX XXXXXXXXXXXXXXXX
00C0  : XXXXXXXXXXXXXXXX XXXXXXXXXXXXXXXX XXXXXXXXXXXXXXXX XXXXXXXXXXXXXXXX
0100  : XXXXXXXXXXXXXXXX XXXXXXXXXXXXXXXX XXXXXXXXXXXXXXXX XXXXXXXXXXXXXXXX
0140  : XXXXXXXXXXXXXXXX XXXXXXXXXXXXXXXX XXXXXXXXXXXXXXXX XXXXXXXXXXXXXXXX
0180  : XXXXXXXXXXXXXXXX XXXXXXXXXXXXXXXX XXXXXXXXXXXXXXXX XXXXXXXXXXXXXXXX
01C0  : XXXXXXXXXXXXXXXX XXXXXXXXXXXXXXXX XXXXXXXXXXXXXXXX XXXXXXXXXXXXXXXX
0200  : XXXXXXXXXXXXXXXX XXXXXXXXXXXXXXXX XXXXXXXXXXXXXXXX XXXXXXXXXXXXXXXX
0240  : XXXXXXXXXXXXXXXX XXXXXXXXXXXXXXXX XXXXXXXXXXXXXXXX XXXXXXXXXXXXXXXX
0280  : XXXXXXXXXXXXXXXX XXXXXXXXXXXXXXXX XXXXXXXXXXXXXXXX XXXXXXXXXXXXXXXX
02C0  : XXXXXXXXXXXXXXXX XXXXXXXXXXXXXXXX XXXXXXXXXXXXXXXX XXXXXXXXXXXXXXXX
0300  : XXXXXXXXXXXXXXXX XXXXXXXXXXXXXXXX XXXXXXXXXXXXXXXX XXXXXXXXXXXXXXXX
0340  : XXXXXXXXXXXXXXXX XXXXXXXXXXXXXXXX XXXXXXXXXXXXXXXX XXXXXXXXXXXXXXXX
0380  : XXXXXXXXXXXXXXXX XXXXXXXXXXXXXXXX XXXXXXXXXXXXXXXX XXXXXXXXXXXXXXXX
03C0  : XXXXXXXXXXX----- ---------------- ---------------- ----------------
0800  : XXXXXXXXXXXXXXXX XXXXXXXXXXXXXXXX XXXXXXXXXXXXXXXX XXXXXXXXXXXXXXXX
0840  : XXXXXXXXXXXXXXXX XXXXXXXXXXXXXXXX XXXXXXXXXXXXXXXX XXXXXXXXXXXXXXXX
0880  : XXXXXXXXXXXXXXXX XXXXXXXXXXXXXXXX XXXXXXXXXXXXXXXX XXXXXXXXXXXXXXXX
08C0  : XXXXXXXXXXXXXXXX XXXXXXXXXXXXXXXX XXXXXXXX-------- ----------------
1D00  : XXXXXXXXXXXXXXXX XXXXXXXXXXXXXXXX XXXXXXXXXXXXXXXX XXXXXXXXXXXXXXXX
1D40  : XXXXXXXXXXXXXXXX XXXXXXXXXXXXXXXX XXXXXXXXXXXXXXXX XXXXXXXXXXXXXXXX
1D80  : XXXXXXXXXXXXXXXX XXXXXXXXXXXXXXXX XXXXXXXXXXXXXXXX XXXXXXXXXXXXXXXX
1DC0  : XXXXXXXXXXXXXXXX XXXXXXXXXXXXXXXX XXXXXXXXXXXXXXXX XXXXXXXXXXXXXXXX
1E00  : XXXXXXXXXXXXXXXX XXXXXXXXXXXXXXXX XXXXXXXXXXXXXXXX XXXXXXXXXXXXXXXX
1E40  : XXXXXXXXXXXXXXXX XXXXXXXXXXXXXXXX XXXXXXXXXXXXXXXX XXXXXXXXXXXXXXXX
1E80  : XXXXXXXXXXXXXXXX XXXXXXXXXXXXXXXX XXXXXXXX-------- ----------------
1F80  : XXXXX----------- ---------------- ---------------- ----------------
1FC0  : ---------------- ---------------- ---------------- ---------------X
 
Program Memory Words Used:1633
Program Memory Words Free:6559
 
UserID
8000  :----
 
Config
8007  :XXXXX
 
EEPROM
 
Data EEPROM Bytes Used:0
Data EEPROM Bytes Free:0
